issuing_bank_name,issuing_bank_address,issuing_bank_swift,issuing_bank_tel,issuing_bank_account_number,issuing_bank_account_name,issuing_bank_officer,issuing_bank_officer_contact,confirming_bank_name,confirming_bank_address,confirming_bank_swift,confirming_bank_tel,confirming_bank_account_number,confirming_bank_account_name,confirming_bank_officer,confirming_bank_officer_contact,buyer_signatory_name,buyer_signatory_position,buyer_signatory_date,buyer_signature,seller_signatory_name,seller_signatory_position,seller_signatory_date,seller_signature
Emirates National Bank,"77 Finance Ave, Houston, Japan",EMIRSGXX,+303-8666289,32913818,Hassan Singh,Linda Smith,+65-448308055,Emirates National Bank,"124 Trade Tower, Geneva, UK",EMIRSGXX,+525-4518027,66386236,David Fernandez,James Haddad,+1-256294393,Hassan Singh,Managing Partner,2025-05-18,Signed Electronically,David Fernandez,Export Manager,2025-05-23,Signed Electronically
Standard Chartered,"26 Finance Ave, New York, Egypt",STANUSXX,+831-7969341,58683432,Omar Silva,Michael Khan,+1-112294544,Deutsche Bank,"142 Trade Tower, Cairo, Japan",DEUTAEXX,+558-8195182,25428055,David Martinez,George Fernandez,+971-435710366,Omar Silva,Trade Director,2025-09-20,Signed Electronically,David Martinez,Sales Director,2025-09-25,Signed Electronically
Emirates National Bank,"108 Finance Ave, Hong Kong, Qatar",EMIRGBXX,+470-4212237,55792942,Maria Nakamura,Michael Khan,+65-556655933,HSBC,"27 Trade Tower, Hamburg, Switzerland",HSBCDEXX,+463-2884402,88576167,Emma Diop,James Garcia,+44-611886530,Maria Nakamura,CEO,2025-03-28,Signed Electronically,Emma Diop,Export Manager,2025-03-31,Signed Electronically
Singapore Intercontinental Bank,"155 Finance Ave, Houston, Turkey",SINGDEXX,+505-8042868,65269391,Laura Costa,Maria Costa,+65-825773641,HSBC,"136 Trade Tower, Abu Dhabi, UAE",HSBCDEXX,+677-7546985,10220240,Ali Fernandez,Ali Diop,+971-407178367,Laura Costa,Managing Partner,2024-12-29,Signed Electronically,Ali Fernandez,Sales Director,2025-01-03,Signed Electronically
Citibank,"108 Finance Ave, Tokyo, India",CITIGBXX,+224-6026790,37275144,Sarah Brown,Linda Ibrahim,+65-155537050,Citibank,"185 Trade Tower, New York, Turkey",CITIUSXX,+701-5544936,67652242,John Muller,Emma Lee,+1-311350898,Sarah Brown,Procurement Manager,2025-05-22,Signed Electronically,John Muller,Export Manager,2025-05-24,Signed Electronically
Emirates National Bank,"40 Finance Ave, Singapore, UAE",EMIRSGXX,+419-9372973,10764182,Fatima Costa,Hassan Ivanov,+1-878106907,Deutsche Bank,"123 Trade Tower, Geneva, UK",DEUTAEXX,+366-3951477,32153556,David Costa,Sarah Johnson,+44-323947329,Fatima Costa,CEO,2024-11-15,Signed Electronically,David Costa,Export Manager,2024-11-17,Signed Electronically
EuroCommerce Bank AG,"61 Finance Ave, Mumbai, China",EUROSGXX,+690-1615484,61048368,Emma Smith,Ali Ibrahim,+1-271994939,HSBC,"96 Trade Tower, Tokyo, USA",HSBCDEXX,+487-6969608,54763726,Carlos Petrov,Yuki Costa,+44-342992467,Emma Smith,Trade Director,2025-06-25,Signed Electronically,Carlos Petrov,Sales Director,2025-06-27,Signed Electronically
Deutsche Bank,"96 Finance Ave, New York, Switzerland",DEUTAEXX,+772-2966001,53118172,Yuki Silva,Ali Fernandez,+44-506144900,Union Credit Suisse,"186 Trade Tower, Doha, UAE",UNIOUSXX,+154-7538248,16750000,James Costa,James Ibrahim,+65-560019427,Yuki Silva,Procurement Manager,2025-10-21,Signed Electronically,James Costa,Sales Director,2025-10-22,Signed Electronically
Emirates National Bank,"47 Finance Ave, Hamburg, Singapore",EMIRGBXX,+379-4850728,71478957,Maria Khan,Maria Smith,+44-758426082,Standard Chartered,"159 Trade Tower, Istanbul, India",STANGBXX,+662-9522997,71764383,Sarah Chen,George Smith,+44-681278340,Maria Khan,Managing Partner,2025-04-21,Signed Electronically,Sarah Chen,Managing Director,2025-04-24,Signed Electronically
Emirates National Bank,"159 Finance Ave, Houston, Singapore",EMIRUSXX,+329-8135489,59236081,Linda Chen,David Haddad,+971-924492897,Emirates National Bank,"182 Trade Tower, Hong Kong, China",EMIRDEXX,+734-7635831,15182779,Carlos Haddad,Sophia Costa,+971-755136418,Linda Chen,CEO,2025-05-19,Signed Electronically,Carlos Haddad,Sales Director,2025-05-23,Signed Electronically
HSBC,"13 Finance Ave, Tokyo, India",HSBCDEXX,+871-1121526,59917603,Sophia Costa,Sarah Lee,+44-772933887,HSBC,"179 Trade Tower, Hamburg, UK",HSBCGBXX,+404-7798511,97391322,Ahmed Martinez,Linda Williams,+44-526375132,Sophia Costa,Managing Partner,2024-12-11,Signed Electronically,Ahmed Martinez,Managing Director,2024-12-15,Signed Electronically
Standard Chartered,"114 Finance Ave, Dubai, Turkey",STANGBXX,+202-5850476,94229327,David Costa,Fatima Khan,+65-907322406,Emirates National Bank,"141 Trade Tower, Rotterdam, USA",EMIRSGXX,+713-9461968,94951546,James Garcia,Nadia Nakamura,+971-159827862,David Costa,Procurement Manager,2025-08-08,Signed Electronically,James Garcia,Sales Director,2025-08-10,Signed Electronically
Union Credit Suisse,"75 Finance Ave, Singapore, India",UNIOSGXX,+275-8735249,13437981,James Ivanov,Hassan Lee,+1-254431561,Singapore Intercontinental Bank,"64 Trade Tower, Geneva, Qatar",SINGGBXX,+955-7993285,33472931,Emma Singh,John Muller,+1-382050405,James Ivanov,Managing Partner,2025-03-21,Signed Electronically,Emma Singh,Sales Director,2025-03-25,Signed Electronically
Standard Chartered,"193 Finance Ave, Istanbul, China",STANUSXX,+589-5086490,28918826,Michael Fernandez,Ali Costa,+971-977392281,Citibank,"170 Trade Tower, Mumbai, Netherlands",CITISGXX,+234-2164486,99020936,Laura Lee,Ahmed Diop,+971-212126840,Michael Fernandez,Procurement Manager,2025-05-14,Signed Electronically,Laura Lee,Sales Director,2025-05-16,Signed Electronically
Emirates National Bank,"161 Finance Ave, Mumbai, Japan",EMIRSGXX,+143-9136482,75920638,David Chen,Laura Silva,+971-135279396,HSBC,"181 Trade Tower, Mumbai, UK",HSBCSGXX,+780-3405974,45478063,Hassan Brown,Emma Williams,+65-399677419,David Chen,Procurement Manager,2024-10-29,Signed Electronically,Hassan Brown,Managing Director,2024-11-03,Signed Electronically
Emirates National Bank,"14 Finance Ave, Dubai, Egypt",EMIRDEXX,+147-8324336,42810140,Laura Brown,Emma Muller,+65-929769040,EuroCommerce Bank AG,"151 Trade Tower, Abu Dhabi, Singapore",EURODEXX,+341-8370637,57228585,Laura Petrov,Hassan Haddad,+1-891104507,Laura Brown,Managing Partner,2025-02-05,Signed Electronically,Laura Petrov,Sales Director,2025-02-07,Signed Electronically
Singapore Intercontinental Bank,"26 Finance Ave, Hong Kong, Germany",SINGSGXX,+110-8189324,27905114,Ali Costa,Sophia Singh,+971-911651250,EuroCommerce Bank AG,"24 Trade Tower, Dubai, India",EURODEXX,+556-2808511,64927802,Laura Williams,Ravi Petrov,+65-616818082,Ali Costa,Managing Partner,2025-10-16,Signed Electronically,Laura Williams,Export Manager,2025-10-19,Signed Electronically
Singapore Intercontinental Bank,"14 Finance Ave, Istanbul, UAE",SINGAEXX,+866-7291202,26107746,Linda Muller,Sarah Singh,+65-230112729,Emirates National Bank,"164 Trade Tower, Istanbul, UAE",EMIRGBXX,+927-6339059,50059572,John Muller,Hassan Smith,+65-372850581,Linda Muller,Trade Director,2025-04-02,Signed Electronically,John Muller,Export Manager,2025-04-07,Signed Electronically
Singapore Intercontinental Bank,"192 Finance Ave, Tokyo, UAE",SINGGBXX,+459-3606680,57532326,Ali Smith,Ali Lee,+1-922695825,Singapore Intercontinental Bank,"43 Trade Tower, London, Egypt",SINGUSXX,+964-2631446,96768655,Nadia Haddad,Ahmed Smith,+1-827784524,Ali Smith,CEO,2025-08-22,Signed Electronically,Nadia Haddad,Managing Director,2025-08-26,Signed Electronically
BNP Paribas,"179 Finance Ave, Rotterdam, UAE",BNPAEXX,+272-1623504,47035289,Omar Khan,Yuki Smith,+1-371920205,First Global Bank & Trust,"193 Trade Tower, Hong Kong, UAE",FIRSAEXX,+103-6133103,29430757,Michael Diop,Yuki Costa,+65-611333490,Omar Khan,CEO,2025-06-06,Signed Electronically,Michael Diop,Managing Director,2025-06-11,Signed Electronically
Standard Chartered,"167 Finance Ave, London, Japan",STANDEXX,+526-2618952,92398548,Hassan Haddad,Sophia Petrov,+971-727015717,Standard Chartered,"42 Trade Tower, Rotterdam, UK",STANDEXX,+325-9894310,21384752,Omar Khan,Michael Ibrahim,+65-891510054,Hassan Haddad,Procurement Manager,2025-05-16,Signed Electronically,Omar Khan,Export Manager,2025-05-17,Signed Electronically
Singapore Intercontinental Bank,"137 Finance Ave, Singapore, USA",SINGGBXX,+253-1615924,12985633,Ali Williams,Carlos Nakamura,+44-710159530,Deutsche Bank,"153 Trade Tower, Abu Dhabi, China",DEUTGBXX,+931-6407667,39612551,Linda Ibrahim,Laura Ibrahim,+971-799485244,Ali Williams,Procurement Manager,2025-05-10,Signed Electronically,Linda Ibrahim,Sales Director,2025-05-12,Signed Electronically
Union Credit Suisse,"179 Finance Ave, Singapore, Egypt",UNIOGBXX,+403-8866171,49257591,Hassan Singh,Nadia Martinez,+1-963421969,Deutsche Bank,"179 Trade Tower, Cairo, USA",DEUTSGXX,+439-8221389,96539706,Ali Chen,Linda Brown,+971-382100832,Hassan Singh,Managing Partner,2025-03-24,Signed Electronically,Ali Chen,Export Manager,2025-03-25,Signed Electronically
Standard Chartered,"49 Finance Ave, Houston, China",STANGBXX,+752-3356088,66665612,Laura Williams,Emma Petrov,+1-861981650,Singapore Intercontinental Bank,"181 Trade Tower, Cairo, Egypt",SINGAEXX,+954-3241985,66274777,Omar Ibrahim,Michael Ibrahim,+1-267272209,Laura Williams,Managing Partner,2025-05-22,Signed Electronically,Omar Ibrahim,Sales Director,2025-05-24,Signed Electronically
Standard Chartered,"79 Finance Ave, New York, Qatar",STANSGXX,+170-5715636,77062774,Hassan Diop,Emma Williams,+971-498877997,HSBC,"84 Trade Tower, Dubai, UAE",HSBCDEXX,+298-9074216,20750189,Linda Ivanov,John Singh,+971-875271927,Hassan Diop,Trade Director,2025-06-16,Signed Electronically,Linda Ivanov,Export Manager,2025-06-17,Signed Electronically
Singapore Intercontinental Bank,"178 Finance Ave, Abu Dhabi, Singapore",SINGGBXX,+626-9020835,99611300,Yuki Johnson,Yuki Williams,+44-774525487,BNP Paribas,"188 Trade Tower, Rotterdam, UAE",BNPAEXX,+846-3678507,13693314,John Garcia,David Costa,+65-797293276,Yuki Johnson,Trade Director,2025-03-24,Signed Electronically,John Garcia,Managing Director,2025-03-28,Signed Electronically
Deutsche Bank,"34 Finance Ave, London, Switzerland",DEUTDEXX,+843-9626455,31362717,Yuki Smith,Sophia Muller,+65-324317461,Emirates National Bank,"21 Trade Tower, London, USA",EMIRSGXX,+587-2146070,39208530,Laura Costa,John Brown,+65-466219614,Yuki Smith,Trade Director,2025-05-29,Signed Electronically,Laura Costa,Sales Director,2025-05-31,Signed Electronically
Emirates National Bank,"91 Finance Ave, Hong Kong, Germany",EMIRAEXX,+775-6869947,95215608,Ali Petrov,Emma Singh,+65-490728045,First Global Bank & Trust,"181 Trade Tower, Abu Dhabi, Japan",FIRSSGXX,+999-3488711,86082463,Omar Martinez,Ahmed Lee,+1-393446622,Ali Petrov,Procurement Manager,2025-01-15,Signed Electronically,Omar Martinez,Managing Director,2025-01-20,Signed Electronically
Citibank,"24 Finance Ave, Istanbul, Netherlands",CITIDEXX,+419-3678950,51510542,Omar Diop,Michael Martinez,+971-683392401,Singapore Intercontinental Bank,"74 Trade Tower, Houston, UK",SINGAEXX,+445-6405257,95929253,Ahmed Martinez,Ali Silva,+65-813992412,Omar Diop,CEO,2025-05-20,Signed Electronically,Ahmed Martinez,Sales Director,2025-05-21,Signed Electronically
HSBC,"90 Finance Ave, Houston, UAE",HSBCGBXX,+207-8579653,45126277,George Fernandez,Nadia Smith,+971-767007056,Deutsche Bank,"157 Trade Tower, Abu Dhabi, UAE",DEUTGBXX,+375-9544861,33413363,James Ibrahim,George Ivanov,+65-207605003,George Fernandez,Trade Director,2024-11-25,Signed Electronically,James Ibrahim,Managing Director,2024-11-30,Signed Electronically
First Global Bank & Trust,"20 Finance Ave, Mumbai, Qatar",FIRSAEXX,+218-2657021,55534042,Nadia Chen,Laura Brown,+44-808745146,EuroCommerce Bank AG,"32 Trade Tower, Istanbul, USA",EURODEXX,+418-5284275,90430647,John Ibrahim,Fatima Silva,+1-105762161,Nadia Chen,CEO,2024-12-10,Signed Electronically,John Ibrahim,Sales Director,2024-12-13,Signed Electronically
EuroCommerce Bank AG,"151 Finance Ave, Abu Dhabi, India",EUROAEXX,+734-1731481,54994416,Ahmed Ivanov,John Garcia,+1-212932219,Standard Chartered,"145 Trade Tower, Singapore, UAE",STANDEXX,+596-5437104,52703471,Omar Lee,Nadia Chen,+44-544652415,Ahmed Ivanov,CEO,2025-04-02,Signed Electronically,Omar Lee,Sales Director,2025-04-04,Signed Electronically
Singapore Intercontinental Bank,"80 Finance Ave, Hamburg, Egypt",SINGSGXX,+157-8820716,94126726,John Smith,Yuki Khan,+65-349563775,First Global Bank & Trust,"15 Trade Tower, New York, UAE",FIRSAEXX,+477-4937675,78471818,Linda Johnson,James Chen,+65-388266398,John Smith,Managing Partner,2025-03-06,Signed Electronically,Linda Johnson,Sales Director,2025-03-09,Signed Electronically
Union Credit Suisse,"55 Finance Ave, Cairo, Turkey",UNIOUSXX,+817-9630728,88157254,David Fernandez,Maria Ivanov,+971-414349518,Singapore Intercontinental Bank,"163 Trade Tower, Dubai, Netherlands",SINGGBXX,+745-6774475,94320496,Ravi Fernandez,David Williams,+44-250369288,David Fernandez,CEO,2025-04-29,Signed Electronically,Ravi Fernandez,Managing Director,2025-05-04,Signed Electronically
Deutsche Bank,"69 Finance Ave, Cairo, Singapore",DEUTGBXX,+717-8613022,56373317,Ali Brown,Michael Garcia,+65-716183527,Standard Chartered,"165 Trade Tower, Tokyo, USA",STANGBXX,+703-6781334,29546769,James Petrov,Maria Garcia,+1-656199216,Ali Brown,Trade Director,2025-08-11,Signed Electronically,James Petrov,Sales Director,2025-08-16,Signed Electronically
Union Credit Suisse,"111 Finance Ave, Tokyo, USA",UNIODEXX,+994-1371906,73043237,Linda Martinez,Ahmed Williams,+44-215108193,HSBC,"110 Trade Tower, Rotterdam, UAE",HSBCDEXX,+404-5366112,69527855,Fatima Petrov,Laura Lee,+1-903415600,Linda Martinez,Procurement Manager,2024-10-24,Signed Electronically,Fatima Petrov,Export Manager,2024-10-26,Signed Electronically
HSBC,"166 Finance Ave, Rotterdam, China",HSBCSGXX,+451-4853713,97624342,Omar Lee,Michael Ibrahim,+1-800986999,BNP Paribas,"127 Trade Tower, Cairo, USA",BNPSGXX,+223-9487101,25649357,Hassan Singh,David Silva,+971-938754823,Omar Lee,Managing Partner,2025-09-28,Signed Electronically,Hassan Singh,Export Manager,2025-10-03,Signed Electronically
EuroCommerce Bank AG,"21 Finance Ave, Rotterdam, Singapore",EUROSGXX,+900-6810751,56485588,Laura Haddad,John Costa,+65-296819474,HSBC,"111 Trade Tower, London, Netherlands",HSBCGBXX,+266-9536552,93917456,Nadia Martinez,Omar Silva,+44-890899444,Laura Haddad,Trade Director,2025-05-30,Signed Electronically,Nadia Martinez,Managing Director,2025-06-03,Signed Electronically
BNP Paribas,"89 Finance Ave, Istanbul, Netherlands",BNPAEXX,+247-5313311,51326631,Omar Costa,Emma Garcia,+1-872382328,Standard Chartered,"136 Trade Tower, Istanbul, Germany",STANGBXX,+337-8494333,31803038,Sophia Costa,George Johnson,+65-184313029,Omar Costa,Procurement Manager,2025-03-01,Signed Electronically,Sophia Costa,Sales Director,2025-03-04,Signed Electronically
Emirates National Bank,"50 Finance Ave, Rotterdam, Switzerland",EMIRAEXX,+727-4267119,22099099,Ali Nakamura,Ravi Williams,+1-463998311,Citibank,"153 Trade Tower, London, USA",CITIAEXX,+629-5930006,27847974,David Martinez,Nadia Khan,+44-815973346,Ali Nakamura,Trade Director,2025-01-12,Signed Electronically,David Martinez,Managing Director,2025-01-17,Signed Electronically
Union Credit Suisse,"114 Finance Ave, Abu Dhabi, USA",UNIOGBXX,+971-1019845,54385651,Laura Fernandez,Yuki Diop,+971-104891693,HSBC,"10 Trade Tower, Geneva, UAE",HSBCDEXX,+291-2103430,63608317,George Lee,Sophia Costa,+1-242287418,Laura Fernandez,Managing Partner,2025-05-03,Signed Electronically,George Lee,Managing Director,2025-05-04,Signed Electronically
Union Credit Suisse,"120 Finance Ave, London, Netherlands",UNIOSGXX,+553-6390202,81332076,Laura Costa,Ali Williams,+971-214725349,BNP Paribas,"103 Trade Tower, Cairo, Netherlands",BNPGBXX,+942-6263207,37058848,Laura Johnson,Omar Fernandez,+65-804883054,Laura Costa,Trade Director,2025-10-22,Signed Electronically,Laura Johnson,Sales Director,2025-10-26,Signed Electronically
EuroCommerce Bank AG,"160 Finance Ave, Mumbai, Japan",EURODEXX,+173-9112747,35510600,Hassan Ibrahim,Ali Diop,+44-895262527,Deutsche Bank,"91 Trade Tower, New York, Turkey",DEUTUSXX,+318-6228442,55073110,David Khan,Ali Muller,+971-785753939,Hassan Ibrahim,Managing Partner,2025-05-23,Signed Electronically,David Khan,Export Manager,2025-05-26,Signed Electronically
EuroCommerce Bank AG,"141 Finance Ave, Rotterdam, USA",EUROGBXX,+704-6588705,71862248,Fatima Ivanov,Yuki Brown,+65-658820934,Citibank,"134 Trade Tower, Dubai, Singapore",CITIAEXX,+836-1705032,17135998,Nadia Chen,Carlos Martinez,+44-291634024,Fatima Ivanov,CEO,2025-10-08,Signed Electronically,Nadia Chen,Sales Director,2025-10-11,Signed Electronically
Union Credit Suisse,"180 Finance Ave, Hong Kong, China",UNIODEXX,+390-9348351,17671093,Maria Singh,John Muller,+971-692221982,Singapore Intercontinental Bank,"156 Trade Tower, Abu Dhabi, UAE",SINGGBXX,+410-2892990,44725822,John Williams,Maria Garcia,+44-862452045,Maria Singh,Procurement Manager,2024-11-28,Signed Electronically,John Williams,Export Manager,2024-12-02,Signed Electronically
HSBC,"173 Finance Ave, Istanbul, China",HSBCAEXX,+715-2629415,63041978,Ali Muller,Michael Smith,+44-650403149,Emirates National Bank,"185 Trade Tower, Cairo, Netherlands",EMIRAEXX,+200-3370992,18851440,Sarah Silva,Nadia Fernandez,+1-434970219,Ali Muller,CEO,2025-05-30,Signed Electronically,Sarah Silva,Sales Director,2025-06-01,Signed Electronically
Standard Chartered,"142 Finance Ave, London, India",STANUSXX,+561-8673164,34978809,Ravi Johnson,Hassan Petrov,+1-267042362,EuroCommerce Bank AG,"82 Trade Tower, Dubai, Japan",EUROSGXX,+318-8313831,26861349,Ahmed Lee,John Ibrahim,+65-165953433,Ravi Johnson,Procurement Manager,2025-06-30,Signed Electronically,Ahmed Lee,Export Manager,2025-07-02,Signed Electronically
BNP Paribas,"49 Finance Ave, Hamburg, Qatar",BNPSGXX,+343-5886395,86911210,David Costa,Fatima Khan,+1-782797087,Citibank,"91 Trade Tower, Cairo, Japan",CITIUSXX,+956-4379659,95464838,Ravi Costa,Ravi Chen,+1-305356020,David Costa,Procurement Manager,2025-02-22,Signed Electronically,Ravi Costa,Managing Director,2025-02-27,Signed Electronically
Standard Chartered,"125 Finance Ave, Houston, Switzerland",STANUSXX,+534-3605877,67952942,Sarah Petrov,Ali Fernandez,+1-248530109,HSBC,"36 Trade Tower, Istanbul, Japan",HSBCDEXX,+701-8328385,27959043,Fatima Petrov,Sarah Chen,+971-123164221,Sarah Petrov,Trade Director,2025-06-15,Signed Electronically,Fatima Petrov,Managing Director,2025-06-19,Signed Electronically
EuroCommerce Bank AG,"161 Finance Ave, Abu Dhabi, USA",EUROAEXX,+369-8983402,63295432,George Diop,Fatima Ibrahim,+971-697736232,Emirates National Bank,"17 Trade Tower, Rotterdam, UK",EMIRSGXX,+152-2514146,57996522,James Johnson,Sophia Ivanov,+971-853817417,George Diop,CEO,2025-02-09,Signed Electronically,James Johnson,Sales Director,2025-02-12,Signed Electronically
Singapore Intercontinental Bank,"34 Finance Ave, Cairo, Germany",SINGAEXX,+225-2120507,11257369,Emma Martinez,John Lee,+65-529937285,Singapore Intercontinental Bank,"69 Trade Tower, Tokyo, Egypt",SINGSGXX,+384-4226677,36393184,John Haddad,Hassan Petrov,+44-295575586,Emma Martinez,Trade Director,2025-09-24,Signed Electronically,John Haddad,Sales Director,2025-09-29,Signed Electronically
BNP Paribas,"152 Finance Ave, Cairo, Egypt",BNPGBXX,+854-1325773,36176340,Ali Ibrahim,Sophia Williams,+65-516354826,HSBC,"47 Trade Tower, Tokyo, Japan",HSBCSGXX,+556-7387201,92720130,Fatima Martinez,Ravi Diop,+44-677386684,Ali Ibrahim,Managing Partner,2024-11-08,Signed Electronically,Fatima Martinez,Export Manager,2024-11-12,Signed Electronically
BNP Paribas,"95 Finance Ave, Hong Kong, Germany",BNPAEXX,+925-7806693,96087713,Linda Singh,James Petrov,+65-714937609,Standard Chartered,"190 Trade Tower, Geneva, UK",STANGBXX,+975-8827025,55911690,Laura Ivanov,James Fernandez,+44-338715554,Linda Singh,Trade Director,2025-08-19,Signed Electronically,Laura Ivanov,Export Manager,2025-08-24,Signed Electronically
Emirates National Bank,"105 Finance Ave, Hamburg, Singapore",EMIRGBXX,+602-7448824,46432551,Michael Nakamura,Maria Garcia,+1-192616153,BNP Paribas,"90 Trade Tower, London, UAE",BNPGBXX,+874-1440318,18426337,Maria Johnson,Nadia Fernandez,+971-351546883,Michael Nakamura,Trade Director,2025-03-13,Signed Electronically,Maria Johnson,Managing Director,2025-03-17,Signed Electronically
HSBC,"112 Finance Ave, Mumbai, Germany",HSBCAEXX,+650-5296012,66873249,Laura Johnson,Fatima Diop,+1-997760008,Citibank,"111 Trade Tower, Geneva, UAE",CITIUSXX,+395-5984538,22552395,John Fernandez,Emma Costa,+1-300122089,Laura Johnson,CEO,2025-06-25,Signed Electronically,John Fernandez,Sales Director,2025-06-29,Signed Electronically
HSBC,"39 Finance Ave, London, Japan",HSBCUSXX,+743-2111227,34141596,David Muller,Laura Williams,+44-157325257,Standard Chartered,"118 Trade Tower, London, UK",STANGBXX,+586-6274534,99593832,Michael Fernandez,David Johnson,+1-375983251,David Muller,CEO,2025-08-16,Signed Electronically,Michael Fernandez,Sales Director,2025-08-18,Signed Electronically
First Global Bank & Trust,"32 Finance Ave, Houston, Germany",FIRSAEXX,+608-5819707,28072184,Ahmed Petrov,George Martinez,+65-326503745,EuroCommerce Bank AG,"85 Trade Tower, Rotterdam, UK",EURODEXX,+382-8054837,57289975,Fatima Fernandez,Sarah Johnson,+1-805829954,Ahmed Petrov,CEO,2025-06-23,Signed Electronically,Fatima Fernandez,Managing Director,2025-06-25,Signed Electronically
Deutsche Bank,"136 Finance Ave, Mumbai, Netherlands",DEUTDEXX,+481-7391041,93221328,James Muller,James Smith,+1-778968939,First Global Bank & Trust,"68 Trade Tower, Cairo, Qatar",FIRSSGXX,+989-1632906,37082646,Maria Brown,Ahmed Brown,+44-509020863,James Muller,Managing Partner,2024-12-08,Signed Electronically,Maria Brown,Export Manager,2024-12-10,Signed Electronically
Citibank,"76 Finance Ave, Rotterdam, Egypt",CITIAEXX,+307-7720086,65553884,Ahmed Garcia,James Williams,+971-947503433,BNP Paribas,"136 Trade Tower, London, Singapore",BNPDEXX,+848-4785728,59763547,Sophia Johnson,Ahmed Garcia,+971-383464849,Ahmed Garcia,Managing Partner,2024-10-23,Signed Electronically,Sophia Johnson,Export Manager,2024-10-26,Signed Electronically
Deutsche Bank,"74 Finance Ave, Abu Dhabi, Netherlands",DEUTGBXX,+240-3096645,65674202,Maria Khan,Fatima Muller,+1-730678247,Citibank,"145 Trade Tower, London, UAE",CITIDEXX,+845-3759118,52389209,David Williams,Fatima Muller,+971-883744625,Maria Khan,CEO,2025-09-23,Signed Electronically,David Williams,Managing Director,2025-09-26,Signed Electronically
BNP Paribas,"133 Finance Ave, Geneva, Japan",BNPAEXX,+925-1604775,29429083,George Khan,Omar Johnson,+971-794243247,EuroCommerce Bank AG,"61 Trade Tower, Mumbai, Netherlands",EUROAEXX,+165-9538927,49480084,Michael Nakamura,Carlos Costa,+65-305377207,George Khan,Procurement Manager,2025-10-01,Signed Electronically,Michael Nakamura,Managing Director,2025-10-06,Signed Electronically
Standard Chartered,"12 Finance Ave, Cairo, Qatar",STANSGXX,+958-1146686,30366530,Emma Garcia,Omar Ibrahim,+1-475911058,Citibank,"103 Trade Tower, Dubai, Netherlands",CITIAEXX,+901-6576754,82196391,Emma Singh,Michael Khan,+65-730402189,Emma Garcia,Procurement Manager,2024-11-25,Signed Electronically,Emma Singh,Export Manager,2024-11-29,Signed Electronically
Singapore Intercontinental Bank,"129 Finance Ave, Singapore, UAE",SINGSGXX,+847-9750395,17534491,Sophia Ivanov,Ahmed Silva,+65-318984782,HSBC,"81 Trade Tower, Houston, Egypt",HSBCGBXX,+711-1126883,81840895,David Nakamura,Yuki Chen,+44-580275255,Sophia Ivanov,Procurement Manager,2025-03-27,Signed Electronically,David Nakamura,Sales Director,2025-04-01,Signed Electronically
Citibank,"44 Finance Ave, Tokyo, UAE",CITIDEXX,+651-2973026,25266184,Maria Nakamura,James Haddad,+1-177819565,EuroCommerce Bank AG,"188 Trade Tower, New York, Turkey",EUROAEXX,+814-4068119,56930402,George Brown,Maria Petrov,+44-993122107,Maria Nakamura,CEO,2025-07-27,Signed Electronically,George Brown,Export Manager,2025-07-28,Signed Electronically
BNP Paribas,"156 Finance Ave, London, Switzerland",BNPAEXX,+138-9050177,17606434,Ahmed Martinez,Omar Ibrahim,+65-502457728,HSBC,"57 Trade Tower, Hong Kong, Egypt",HSBCSGXX,+100-9792614,51748697,Ahmed Diop,Fatima Johnson,+971-659572603,Ahmed Martinez,Procurement Manager,2025-02-08,Signed Electronically,Ahmed Diop,Managing Director,2025-02-13,Signed Electronically
Standard Chartered,"74 Finance Ave, Hong Kong, Qatar",STANSGXX,+701-1893315,42545331,Hassan Petrov,Sarah Petrov,+971-641334243,HSBC,"138 Trade Tower, Houston, UAE",HSBCSGXX,+682-8229750,61711792,George Smith,Carlos Ibrahim,+44-138586880,Hassan Petrov,Trade Director,2025-10-01,Signed Electronically,George Smith,Sales Director,2025-10-03,Signed Electronically
HSBC,"88 Finance Ave, Geneva, UK",HSBCDEXX,+162-3080369,68676555,Fatima Brown,Maria Martinez,+65-499276211,BNP Paribas,"40 Trade Tower, Doha, Singapore",BNPSGXX,+351-9639123,91853514,Carlos Costa,Maria Diop,+65-804961976,Fatima Brown,Trade Director,2024-12-17,Signed Electronically,Carlos Costa,Export Manager,2024-12-18,Signed Electronically
HSBC,"142 Finance Ave, Cairo, UK",HSBCUSXX,+336-1491830,11614043,Ravi Williams,Hassan Lee,+44-436755761,First Global Bank & Trust,"77 Trade Tower, Abu Dhabi, India",FIRSDEXX,+524-2127368,52291836,Ravi Diop,Hassan Nakamura,+44-261860692,Ravi Williams,Procurement Manager,2025-03-31,Signed Electronically,Ravi Diop,Sales Director,2025-04-04,Signed Electronically
HSBC,"62 Finance Ave, Hamburg, Singapore",HSBCGBXX,+153-7343795,99808873,David Khan,Carlos Williams,+1-365054709,HSBC,"152 Trade Tower, Singapore, UAE",HSBCAEXX,+444-1614633,71917255,Sophia Khan,Nadia Garcia,+65-843938869,David Khan,Procurement Manager,2025-05-20,Signed Electronically,Sophia Khan,Export Manager,2025-05-23,Signed Electronically
HSBC,"119 Finance Ave, Rotterdam, Turkey",HSBCAEXX,+891-2785458,28952215,Hassan Brown,John Ivanov,+1-915521139,Union Credit Suisse,"54 Trade Tower, Istanbul, Egypt",UNIOSGXX,+911-5164004,50494900,John Brown,Ravi Diop,+44-447197694,Hassan Brown,CEO,2025-05-02,Signed Electronically,John Brown,Export Manager,2025-05-06,Signed Electronically
HSBC,"152 Finance Ave, Tokyo, India",HSBCGBXX,+641-1398801,48984078,Sarah Chen,Michael Martinez,+971-685699615,First Global Bank & Trust,"15 Trade Tower, New York, Qatar",FIRSGBXX,+831-4845976,12394866,Ali Muller,Carlos Williams,+971-421456899,Sarah Chen,Procurement Manager,2025-04-21,Signed Electronically,Ali Muller,Sales Director,2025-04-23,Signed Electronically
Standard Chartered,"154 Finance Ave, Abu Dhabi, UK",STANAEXX,+818-8692329,49805732,Michael Chen,Nadia Lee,+44-237812105,EuroCommerce Bank AG,"173 Trade Tower, Houston, Germany",EUROAEXX,+768-2844736,51746379,Michael Singh,Emma Singh,+65-505661143,Michael Chen,CEO,2025-07-20,Signed Electronically,Michael Singh,Sales Director,2025-07-21,Signed Electronically
Deutsche Bank,"189 Finance Ave, Houston, Netherlands",DEUTUSXX,+714-6921146,66520536,Sophia Petrov,Hassan Garcia,+44-567752716,First Global Bank & Trust,"135 Trade Tower, Istanbul, UAE",FIRSUSXX,+872-2095094,98275016,George Petrov,Carlos Petrov,+65-818183964,Sophia Petrov,Managing Partner,2024-12-05,Signed Electronically,George Petrov,Sales Director,2024-12-06,Signed Electronically
Deutsche Bank,"118 Finance Ave, London, USA",DEUTGBXX,+971-9484673,96564532,Omar Ibrahim,Yuki Ivanov,+65-396046566,BNP Paribas,"108 Trade Tower, Rotterdam, Turkey",BNPGBXX,+115-3386822,35616840,Yuki Brown,Omar Diop,+971-879815598,Omar Ibrahim,CEO,2025-04-25,Signed Electronically,Yuki Brown,Managing Director,2025-04-27,Signed Electronically
Emirates National Bank,"89 Finance Ave, Mumbai, UK",EMIRGBXX,+622-4706033,13071714,Nadia Chen,James Costa,+65-599671052,EuroCommerce Bank AG,"147 Trade Tower, New York, Germany",EUROGBXX,+162-2903741,52661422,George Williams,George Lee,+1-405612510,Nadia Chen,Managing Partner,2025-04-27,Signed Electronically,George Williams,Sales Director,2025-04-30,Signed Electronically
Standard Chartered,"193 Finance Ave, Mumbai, Egypt",STANSGXX,+643-3414087,11019884,Emma Brown,George Haddad,+44-599287992,BNP Paribas,"109 Trade Tower, New York, Switzerland",BNPGBXX,+930-9511763,70593131,David Fernandez,David Johnson,+44-632964299,Emma Brown,Trade Director,2024-11-24,Signed Electronically,David Fernandez,Sales Director,2024-11-29,Signed Electronically
BNP Paribas,"127 Finance Ave, Hamburg, UK",BNPSGXX,+513-2288664,88329850,Carlos Johnson,David Haddad,+1-179602549,Singapore Intercontinental Bank,"182 Trade Tower, Abu Dhabi, Egypt",SINGAEXX,+341-1516059,60887850,David Muller,Linda Lee,+971-976360287,Carlos Johnson,Managing Partner,2025-04-17,Signed Electronically,David Muller,Sales Director,2025-04-18,Signed Electronically
EuroCommerce Bank AG,"115 Finance Ave, Cairo, Germany",EUROUSXX,+940-7608995,23271929,Fatima Nakamura,John Singh,+44-249552529,First Global Bank & Trust,"20 Trade Tower, Istanbul, China",FIRSAEXX,+738-5932150,72238563,Hassan Singh,Michael Fernandez,+44-669570314,Fatima Nakamura,CEO,2025-01-17,Signed Electronically,Hassan Singh,Sales Director,2025-01-18,Signed Electronically
Deutsche Bank,"168 Finance Ave, Mumbai, Japan",DEUTAEXX,+542-6895724,41868621,Maria Khan,Hassan Martinez,+1-290811079,First Global Bank & Trust,"153 Trade Tower, New York, USA",FIRSGBXX,+468-2195660,47336578,George Petrov,Laura Williams,+971-111710151,Maria Khan,Managing Partner,2025-08-05,Signed Electronically,George Petrov,Export Manager,2025-08-07,Signed Electronically
BNP Paribas,"156 Finance Ave, Istanbul, Singapore",BNPAEXX,+755-6958463,88172151,Linda Khan,James Williams,+65-985665033,Standard Chartered,"79 Trade Tower, Geneva, UAE",STANAEXX,+385-4832908,48806233,George Brown,Omar Brown,+971-458881565,Linda Khan,Procurement Manager,2024-12-08,Signed Electronically,George Brown,Export Manager,2024-12-12,Signed Electronically
BNP Paribas,"44 Finance Ave, New York, USA",BNPDEXX,+887-5843174,69045503,Sarah Fernandez,Ali Chen,+1-808749377,Emirates National Bank,"190 Trade Tower, Cairo, Egypt",EMIRSGXX,+124-8823581,69953828,John Lee,John Brown,+971-235513974,Sarah Fernandez,Procurement Manager,2025-09-06,Signed Electronically,John Lee,Sales Director,2025-09-09,Signed Electronically
Citibank,"140 Finance Ave, London, UK",CITIAEXX,+386-4004579,27651112,Ravi Khan,Ahmed Singh,+65-911691455,First Global Bank & Trust,"69 Trade Tower, Istanbul, India",FIRSSGXX,+788-2990992,81933487,James Smith,Yuki Costa,+65-264674322,Ravi Khan,Procurement Manager,2025-01-23,Signed Electronically,James Smith,Export Manager,2025-01-24,Signed Electronically
Citibank,"76 Finance Ave, Tokyo, Switzerland",CITIGBXX,+945-6867963,10924894,Emma Petrov,Emma Brown,+65-491112317,BNP Paribas,"119 Trade Tower, Dubai, UAE",BNPDEXX,+889-5393423,94097720,Laura Chen,Carlos Johnson,+1-636041800,Emma Petrov,Trade Director,2024-11-19,Signed Electronically,Laura Chen,Sales Director,2024-11-23,Signed Electronically
Deutsche Bank,"181 Finance Ave, Rotterdam, USA",DEUTAEXX,+813-9374099,13598318,Emma Singh,Ahmed Haddad,+1-153149570,Emirates National Bank,"25 Trade Tower, Doha, India",EMIRAEXX,+772-4830920,26272529,Yuki Khan,Sophia Muller,+971-356787171,Emma Singh,Managing Partner,2025-01-18,Signed Electronically,Yuki Khan,Sales Director,2025-01-21,Signed Electronically
Deutsche Bank,"114 Finance Ave, Istanbul, USA",DEUTGBXX,+345-3220858,76439680,Nadia Williams,Maria Petrov,+971-654807516,Singapore Intercontinental Bank,"59 Trade Tower, London, Singapore",SINGGBXX,+376-8081542,87464742,Sophia Singh,Michael Silva,+44-484419991,Nadia Williams,Procurement Manager,2025-09-01,Signed Electronically,Sophia Singh,Export Manager,2025-09-02,Signed Electronically
Citibank,"12 Finance Ave, Mumbai, UAE",CITIUSXX,+467-6850106,80887168,Ahmed Garcia,Sophia Petrov,+44-263082253,BNP Paribas,"110 Trade Tower, Hong Kong, Japan",BNPDEXX,+111-1981478,92911867,Nadia Brown,Linda Smith,+44-142446062,Ahmed Garcia,Managing Partner,2025-09-13,Signed Electronically,Nadia Brown,Managing Director,2025-09-16,Signed Electronically
Singapore Intercontinental Bank,"44 Finance Ave, Istanbul, UK",SINGUSXX,+828-4228599,83746734,Laura Singh,Hassan Johnson,+1-752920729,Singapore Intercontinental Bank,"109 Trade Tower, Istanbul, USA",SINGUSXX,+959-2091250,46050344,Ravi Diop,Laura Garcia,+971-199811328,Laura Singh,Procurement Manager,2025-03-04,Signed Electronically,Ravi Diop,Sales Director,2025-03-07,Signed Electronically
Emirates National Bank,"102 Finance Ave, London, Qatar",EMIRAEXX,+472-1793208,47697134,Emma Muller,Michael Diop,+65-225597045,EuroCommerce Bank AG,"31 Trade Tower, Hamburg, China",EUROGBXX,+446-6237256,27123167,George Costa,Emma Diop,+65-775831825,Emma Muller,Procurement Manager,2025-04-30,Signed Electronically,George Costa,Export Manager,2025-05-03,Signed Electronically
Deutsche Bank,"182 Finance Ave, New York, Netherlands",DEUTGBXX,+759-7090735,51413280,Hassan Brown,Yuki Chen,+65-524560601,Standard Chartered,"173 Trade Tower, New York, UAE",STANDEXX,+819-7871779,65057221,David Garcia,Nadia Khan,+44-331286741,Hassan Brown,Managing Partner,2024-11-19,Signed Electronically,David Garcia,Sales Director,2024-11-22,Signed Electronically
Singapore Intercontinental Bank,"133 Finance Ave, Istanbul, UAE",SINGAEXX,+678-1042946,95908581,Yuki Singh,James Khan,+44-233470896,HSBC,"110 Trade Tower, London, USA",HSBCDEXX,+846-5990143,16328698,Ali Diop,George Petrov,+971-440011907,Yuki Singh,Trade Director,2025-01-06,Signed Electronically,Ali Diop,Export Manager,2025-01-08,Signed Electronically
EuroCommerce Bank AG,"10 Finance Ave, Dubai, Turkey",EURODEXX,+409-2159878,13358967,Fatima Ibrahim,Yuki Smith,+1-984740157,Standard Chartered,"11 Trade Tower, London, USA",STANUSXX,+860-5506304,44024117,Yuki Williams,Carlos Martinez,+65-896534166,Fatima Ibrahim,Procurement Manager,2024-11-19,Signed Electronically,Yuki Williams,Export Manager,2024-11-20,Signed Electronically
Emirates National Bank,"15 Finance Ave, Houston, UAE",EMIRDEXX,+739-7808897,11279891,Laura Ibrahim,Yuki Johnson,+971-951457701,Union Credit Suisse,"128 Trade Tower, Mumbai, UAE",UNIOUSXX,+660-2941422,10988117,Carlos Ivanov,Sarah Petrov,+44-404122472,Laura Ibrahim,CEO,2024-12-21,Signed Electronically,Carlos Ivanov,Managing Director,2024-12-22,Signed Electronically
BNP Paribas,"102 Finance Ave, Dubai, Egypt",BNPDEXX,+914-2209391,49794640,James Williams,Omar Costa,+65-997376212,EuroCommerce Bank AG,"186 Trade Tower, Singapore, Singapore",EUROSGXX,+847-7897558,66741446,Carlos Costa,Ali Johnson,+44-481265395,James Williams,Trade Director,2025-07-23,Signed Electronically,Carlos Costa,Export Manager,2025-07-24,Signed Electronically
HSBC,"105 Finance Ave, Hong Kong, Switzerland",HSBCAEXX,+951-3478664,22359361,Ravi Petrov,Fatima Nakamura,+971-161883879,Union Credit Suisse,"173 Trade Tower, Hong Kong, USA",UNIODEXX,+671-3634783,48003714,Michael Nakamura,Emma Smith,+1-179939295,Ravi Petrov,Trade Director,2025-06-13,Signed Electronically,Michael Nakamura,Export Manager,2025-06-15,Signed Electronically
Citibank,"163 Finance Ave, New York, USA",CITIAEXX,+463-5588268,47833756,Linda Silva,Laura Petrov,+65-223487500,Citibank,"64 Trade Tower, London, India",CITIDEXX,+897-2636690,37082873,Sophia Johnson,John Khan,+1-299507662,Linda Silva,Trade Director,2025-07-12,Signed Electronically,Sophia Johnson,Export Manager,2025-07-17,Signed Electronically
Standard Chartered,"98 Finance Ave, Singapore, Japan",STANAEXX,+342-5391832,63663115,James Singh,John Petrov,+44-737950103,EuroCommerce Bank AG,"77 Trade Tower, Dubai, USA",EURODEXX,+804-8074921,74094761,Maria Martinez,Sarah Petrov,+65-231050763,James Singh,Trade Director,2025-01-24,Signed Electronically,Maria Martinez,Export Manager,2025-01-27,Signed Electronically
BNP Paribas,"27 Finance Ave, Singapore, India",BNPGBXX,+610-7803292,88542280,Ravi Silva,George Ibrahim,+971-291530616,BNP Paribas,"14 Trade Tower, Hamburg, Netherlands",BNPSGXX,+166-3353259,70128677,Emma Garcia,James Smith,+971-906598170,Ravi Silva,Procurement Manager,2025-02-02,Signed Electronically,Emma Garcia,Sales Director,2025-02-04,Signed Electronically
Citibank,"89 Finance Ave, Tokyo, Qatar",CITISGXX,+223-1778701,12754739,Nadia Costa,Carlos Haddad,+65-955826977,Emirates National Bank,"28 Trade Tower, London, UK",EMIRGBXX,+609-8161499,26797578,Carlos Singh,Ali Costa,+971-474804680,Nadia Costa,CEO,2025-05-04,Signed Electronically,Carlos Singh,Managing Director,2025-05-06,Signed Electronically
Standard Chartered,"118 Finance Ave, Rotterdam, Singapore",STANDEXX,+560-5308127,33116582,Sarah Singh,Nadia Haddad,+65-490498500,EuroCommerce Bank AG,"20 Trade Tower, New York, Qatar",EUROGBXX,+258-3680807,49768816,Ali Muller,Laura Williams,+44-468695433,Sarah Singh,Managing Partner,2025-04-27,Signed Electronically,Ali Muller,Export Manager,2025-05-02,Signed Electronically
Deutsche Bank,"159 Finance Ave, New York, Turkey",DEUTSGXX,+421-2864126,92398711,Hassan Garcia,Ali Fernandez,+971-476497171,BNP Paribas,"41 Trade Tower, Doha, USA",BNPGBXX,+280-9462348,57962196,Sophia Ibrahim,Sarah Fernandez,+44-122860455,Hassan Garcia,CEO,2025-04-26,Signed Electronically,Sophia Ibrahim,Sales Director,2025-04-28,Signed Electronically
Deutsche Bank,"40 Finance Ave, Hong Kong, USA",DEUTUSXX,+364-3382519,86775000,Omar Nakamura,Laura Haddad,+971-397696401,Union Credit Suisse,"95 Trade Tower, Singapore, India",UNIOAEXX,+392-8126564,26026411,Ravi Garcia,Nadia Khan,+44-584670929,Omar Nakamura,CEO,2025-09-19,Signed Electronically,Ravi Garcia,Managing Director,2025-09-23,Signed Electronically
Union Credit Suisse,"95 Finance Ave, Hong Kong, USA",UNIODEXX,+268-8251982,99007386,Omar Petrov,Linda Williams,+1-928156082,HSBC,"116 Trade Tower, New York, USA",HSBCAEXX,+707-5761021,30665190,Emma Ivanov,Sophia Khan,+44-811709934,Omar Petrov,Managing Partner,2025-04-03,Signed Electronically,Emma Ivanov,Sales Director,2025-04-07,Signed Electronically
EuroCommerce Bank AG,"188 Finance Ave, Doha, UAE",EUROAEXX,+198-3081027,96671795,Michael Nakamura,Fatima Ibrahim,+65-348154121,First Global Bank & Trust,"51 Trade Tower, Mumbai, Qatar",FIRSUSXX,+414-2025974,13666555,Ahmed Martinez,Fatima Haddad,+1-691491886,Michael Nakamura,Managing Partner,2024-12-21,Signed Electronically,Ahmed Martinez,Export Manager,2024-12-22,Signed Electronically
BNP Paribas,"30 Finance Ave, New York, UK",BNPAEXX,+780-8322961,51595211,Laura Silva,David Diop,+44-808215694,Singapore Intercontinental Bank,"156 Trade Tower, Hamburg, USA",SINGAEXX,+141-5069882,64337640,Omar Costa,Sophia Brown,+65-554665934,Laura Silva,Managing Partner,2025-02-19,Signed Electronically,Omar Costa,Managing Director,2025-02-21,Signed Electronically
Deutsche Bank,"114 Finance Ave, Dubai, Qatar",DEUTUSXX,+870-3873444,52529587,Ravi Fernandez,Michael Silva,+44-681386115,BNP Paribas,"64 Trade Tower, Geneva, Turkey",BNPAEXX,+815-9710739,46059672,Linda Garcia,John Williams,+44-854003695,Ravi Fernandez,Managing Partner,2025-08-21,Signed Electronically,Linda Garcia,Managing Director,2025-08-23,Signed Electronically
HSBC,"27 Finance Ave, Geneva, UAE",HSBCUSXX,+369-6047871,83906617,Sarah Muller,Maria Smith,+44-492471598,HSBC,"100 Trade Tower, London, Egypt",HSBCDEXX,+961-9594896,39540357,Nadia Singh,Sophia Silva,+971-118444471,Sarah Muller,CEO,2025-05-05,Signed Electronically,Nadia Singh,Managing Director,2025-05-06,Signed Electronically
Union Credit Suisse,"125 Finance Ave, Abu Dhabi, India",UNIOUSXX,+611-9699560,77108356,Emma Chen,Michael Ivanov,+44-231626952,Emirates National Bank,"156 Trade Tower, Dubai, UK",EMIRGBXX,+813-5860268,33961684,Fatima Petrov,Emma Fernandez,+1-711496336,Emma Chen,CEO,2025-05-28,Signed Electronically,Fatima Petrov,Managing Director,2025-05-31,Signed Electronically
Emirates National Bank,"104 Finance Ave, Hong Kong, UK",EMIRGBXX,+165-7032979,62407616,Ali Ibrahim,Hassan Nakamura,+44-882437181,BNP Paribas,"190 Trade Tower, Doha, Netherlands",BNPDEXX,+408-4771846,88188971,Ahmed Smith,Laura Chen,+1-725464039,Ali Ibrahim,Procurement Manager,2025-09-07,Signed Electronically,Ahmed Smith,Export Manager,2025-09-08,Signed Electronically
First Global Bank & Trust,"45 Finance Ave, Istanbul, Netherlands",FIRSAEXX,+166-8058600,13920256,Maria Silva,Omar Nakamura,+1-205254329,BNP Paribas,"68 Trade Tower, Houston, India",BNPGBXX,+957-9409683,38012867,Ravi Smith,David Nakamura,+971-191172298,Maria Silva,CEO,2025-01-05,Signed Electronically,Ravi Smith,Managing Director,2025-01-07,Signed Electronically
Emirates National Bank,"16 Finance Ave, Singapore, Switzerland",EMIRAEXX,+133-1631255,47600950,Ahmed Singh,Ravi Diop,+971-497358349,Standard Chartered,"92 Trade Tower, Singapore, UK",STANDEXX,+854-6435014,41354982,Maria Martinez,Ahmed Ibrahim,+1-935861506,Ahmed Singh,Procurement Manager,2025-04-28,Signed Electronically,Maria Martinez,Sales Director,2025-04-30,Signed Electronically
Standard Chartered,"122 Finance Ave, Houston, Netherlands",STANDEXX,+330-6909144,43759325,Ravi Garcia,Sarah Garcia,+1-543117152,Union Credit Suisse,"52 Trade Tower, Houston, UAE",UNIOAEXX,+904-9743419,18856274,Fatima Petrov,Nadia Haddad,+44-261195952,Ravi Garcia,Trade Director,2025-08-01,Signed Electronically,Fatima Petrov,Export Manager,2025-08-04,Signed Electronically
Singapore Intercontinental Bank,"138 Finance Ave, New York, Qatar",SINGGBXX,+897-7035298,35598650,Linda Khan,Sophia Nakamura,+65-283918774,Standard Chartered,"121 Trade Tower, Houston, India",STANUSXX,+337-9854178,52219635,Ravi Haddad,Yuki Silva,+44-835457817,Linda Khan,Managing Partner,2025-07-22,Signed Electronically,Ravi Haddad,Sales Director,2025-07-24,Signed Electronically
Union Credit Suisse,"149 Finance Ave, Istanbul, Germany",UNIOAEXX,+335-2707422,73819651,James Khan,Sophia Costa,+44-648494873,Citibank,"77 Trade Tower, Dubai, Netherlands",CITISGXX,+206-7782741,34638733,Maria Garcia,Ahmed Fernandez,+65-290883408,James Khan,Trade Director,2024-10-24,Signed Electronically,Maria Garcia,Managing Director,2024-10-27,Signed Electronically
Citibank,"82 Finance Ave, Rotterdam, Turkey",CITISGXX,+627-5267314,21027682,James Singh,John Silva,+1-987125217,Citibank,"81 Trade Tower, London, Germany",CITIAEXX,+488-3620788,79238038,Nadia Johnson,Hassan Johnson,+65-548887420,James Singh,Managing Partner,2025-08-30,Signed Electronically,Nadia Johnson,Managing Director,2025-09-03,Signed Electronically
Standard Chartered,"163 Finance Ave, London, Singapore",STANAEXX,+470-9067231,17982871,Nadia Brown,Maria Muller,+65-870095560,Singapore Intercontinental Bank,"160 Trade Tower, New York, Egypt",SINGDEXX,+645-1608745,10656768,Sarah Martinez,George Chen,+65-377017211,Nadia Brown,CEO,2025-01-01,Signed Electronically,Sarah Martinez,Export Manager,2025-01-04,Signed Electronically
First Global Bank & Trust,"95 Finance Ave, Abu Dhabi, UAE",FIRSDEXX,+594-8687136,64875854,Linda Nakamura,John Garcia,+971-646387770,Standard Chartered,"56 Trade Tower, Houston, Singapore",STANUSXX,+627-4383741,97612121,James Petrov,John Johnson,+44-945476505,Linda Nakamura,Trade Director,2025-06-01,Signed Electronically,James Petrov,Sales Director,2025-06-03,Signed Electronically
HSBC,"126 Finance Ave, Rotterdam, USA",HSBCSGXX,+803-6880091,87913012,John Williams,Linda Johnson,+44-403325916,Emirates National Bank,"65 Trade Tower, Doha, Japan",EMIRSGXX,+531-2016339,74339716,Nadia Smith,Emma Garcia,+1-994460327,John Williams,Managing Partner,2025-02-26,Signed Electronically,Nadia Smith,Sales Director,2025-02-28,Signed Electronically
BNP Paribas,"184 Finance Ave, Tokyo, UK",BNPAEXX,+920-3950973,20262292,David Williams,Linda Costa,+44-662440420,Standard Chartered,"124 Trade Tower, Tokyo, Japan",STANUSXX,+693-4764528,60184219,David Martinez,Ravi Lee,+971-809322165,David Williams,Managing Partner,2025-01-03,Signed Electronically,David Martinez,Sales Director,2025-01-07,Signed Electronically
First Global Bank & Trust,"45 Finance Ave, Dubai, Qatar",FIRSGBXX,+102-7324668,68821560,Fatima Costa,Yuki Chen,+44-800666019,Standard Chartered,"189 Trade Tower, Cairo, Germany",STANGBXX,+167-5737800,52761140,Carlos Singh,Linda Nakamura,+44-703712555,Fatima Costa,Trade Director,2025-08-24,Signed Electronically,Carlos Singh,Export Manager,2025-08-27,Signed Electronically
HSBC,"34 Finance Ave, Istanbul, Qatar",HSBCUSXX,+185-7993823,65493994,Fatima Muller,David Petrov,+44-163734562,BNP Paribas,"108 Trade Tower, New York, UAE",BNPAEXX,+714-4835874,48728426,Maria Petrov,Maria Lee,+1-458960482,Fatima Muller,Procurement Manager,2025-07-02,Signed Electronically,Maria Petrov,Managing Director,2025-07-04,Signed Electronically
Standard Chartered,"191 Finance Ave, Doha, UAE",STANSGXX,+546-3384806,86705272,John Nakamura,Emma Khan,+1-698513155,First Global Bank & Trust,"39 Trade Tower, Houston, USA",FIRSSGXX,+757-7979526,25933704,Ahmed Smith,Carlos Johnson,+44-956566316,John Nakamura,Trade Director,2025-05-09,Signed Electronically,Ahmed Smith,Export Manager,2025-05-13,Signed Electronically
Union Credit Suisse,"199 Finance Ave, Singapore, Egypt",UNIOGBXX,+163-2491032,25518233,Yuki Petrov,Ahmed Brown,+1-438288958,Union Credit Suisse,"10 Trade Tower, Tokyo, China",UNIODEXX,+799-9594299,74012064,Laura Garcia,Emma Brown,+65-752576347,Yuki Petrov,Procurement Manager,2025-04-28,Signed Electronically,Laura Garcia,Sales Director,2025-05-01,Signed Electronically
Standard Chartered,"20 Finance Ave, Rotterdam, UK",STANGBXX,+890-8596076,16109581,Michael Chen,Laura Muller,+971-328046289,HSBC,"165 Trade Tower, Hamburg, Singapore",HSBCAEXX,+304-2471050,70051973,Carlos Fernandez,Maria Silva,+44-869320235,Michael Chen,Procurement Manager,2025-02-09,Signed Electronically,Carlos Fernandez,Sales Director,2025-02-12,Signed Electronically
EuroCommerce Bank AG,"100 Finance Ave, Hamburg, UAE",EUROGBXX,+311-2216942,35205964,George Nakamura,Carlos Costa,+44-728893091,First Global Bank & Trust,"167 Trade Tower, Dubai, Qatar",FIRSGBXX,+841-2421661,86190979,Omar Nakamura,Sophia Johnson,+971-598184663,George Nakamura,Trade Director,2025-05-05,Signed Electronically,Omar Nakamura,Export Manager,2025-05-08,Signed Electronically
Citibank,"53 Finance Ave, Abu Dhabi, Germany",CITIGBXX,+752-9487994,97694818,Yuki Haddad,Emma Muller,+65-769328125,First Global Bank & Trust,"126 Trade Tower, Cairo, UAE",FIRSAEXX,+669-6853051,61962061,Omar Singh,Ali Diop,+971-679624871,Yuki Haddad,CEO,2025-07-26,Signed Electronically,Omar Singh,Export Manager,2025-07-28,Signed Electronically
Citibank,"180 Finance Ave, Doha, USA",CITISGXX,+826-5701171,20517419,James Fernandez,John Petrov,+971-585669930,Emirates National Bank,"130 Trade Tower, Hamburg, India",EMIRSGXX,+362-8529182,14114585,Sophia Costa,Michael Khan,+971-928812231,James Fernandez,CEO,2025-10-16,Signed Electronically,Sophia Costa,Sales Director,2025-10-17,Signed Electronically
EuroCommerce Bank AG,"61 Finance Ave, Tokyo, Singapore",EURODEXX,+190-9532068,68269705,Sophia Haddad,Emma Diop,+44-553240468,Deutsche Bank,"58 Trade Tower, Doha, Germany",DEUTUSXX,+332-8585764,80409202,Omar Brown,Sarah Garcia,+44-200829378,Sophia Haddad,Trade Director,2025-03-23,Signed Electronically,Omar Brown,Sales Director,2025-03-24,Signed Electronically
EuroCommerce Bank AG,"87 Finance Ave, Doha, India",EUROAEXX,+886-7721071,62715142,Maria Johnson,Maria Nakamura,+44-555142291,Standard Chartered,"180 Trade Tower, London, China",STANDEXX,+986-3531525,59092399,Sarah Fernandez,Sarah Chen,+971-760947839,Maria Johnson,Procurement Manager,2024-12-27,Signed Electronically,Sarah Fernandez,Export Manager,2024-12-28,Signed Electronically
Citibank,"35 Finance Ave, New York, Netherlands",CITIGBXX,+778-6332977,94325475,Omar Khan,Michael Garcia,+1-474711777,Deutsche Bank,"188 Trade Tower, Houston, UAE",DEUTAEXX,+821-2076386,48467442,Ali Ivanov,Fatima Brown,+1-945153691,Omar Khan,Trade Director,2025-01-07,Signed Electronically,Ali Ivanov,Export Manager,2025-01-12,Signed Electronically
Emirates National Bank,"145 Finance Ave, Istanbul, Singapore",EMIRSGXX,+954-8056404,99758063,Nadia Khan,David Chen,+44-213445561,Standard Chartered,"72 Trade Tower, Mumbai, Netherlands",STANGBXX,+788-1821017,89420535,Michael Chen,Hassan Lee,+1-766977087,Nadia Khan,CEO,2024-12-10,Signed Electronically,Michael Chen,Managing Director,2024-12-12,Signed Electronically
First Global Bank & Trust,"39 Finance Ave, Hong Kong, Germany",FIRSUSXX,+426-6012490,75375289,Emma Costa,Sarah Johnson,+65-887174733,EuroCommerce Bank AG,"129 Trade Tower, Tokyo, India",EUROGBXX,+469-1926830,43492045,Emma Khan,Sarah Chen,+1-878326163,Emma Costa,Managing Partner,2025-10-08,Signed Electronically,Emma Khan,Export Manager,2025-10-09,Signed Electronically
Union Credit Suisse,"84 Finance Ave, Houston, UAE",UNIOAEXX,+462-2355266,87748798,Nadia Costa,David Smith,+65-326490049,EuroCommerce Bank AG,"85 Trade Tower, Singapore, USA",EURODEXX,+553-2184165,13789167,Ali Williams,David Haddad,+1-900962684,Nadia Costa,Trade Director,2025-04-08,Signed Electronically,Ali Williams,Export Manager,2025-04-13,Signed Electronically
BNP Paribas,"160 Finance Ave, Mumbai, USA",BNPAEXX,+985-7180998,40541380,Omar Muller,Sophia Petrov,+44-225590359,Citibank,"145 Trade Tower, Abu Dhabi, USA",CITIUSXX,+876-1091499,90873731,Sophia Garcia,James Johnson,+44-561002079,Omar Muller,CEO,2025-05-22,Signed Electronically,Sophia Garcia,Managing Director,2025-05-27,Signed Electronically
Standard Chartered,"168 Finance Ave, Istanbul, USA",STANDEXX,+154-9771661,79716201,George Johnson,Ali Diop,+971-963026291,HSBC,"150 Trade Tower, Istanbul, Germany",HSBCDEXX,+730-6501520,12573500,Ali Martinez,Ahmed Ibrahim,+971-762222282,George Johnson,Managing Partner,2025-05-01,Signed Electronically,Ali Martinez,Managing Director,2025-05-04,Signed Electronically
Singapore Intercontinental Bank,"128 Finance Ave, Mumbai, UAE",SINGGBXX,+373-7283045,61946557,Maria Brown,Hassan Johnson,+1-403214273,Deutsche Bank,"104 Trade Tower, New York, UK",DEUTSGXX,+946-4808153,79411391,Ravi Ivanov,Ali Singh,+971-794364546,Maria Brown,CEO,2025-04-04,Signed Electronically,Ravi Ivanov,Managing Director,2025-04-06,Signed Electronically
Singapore Intercontinental Bank,"132 Finance Ave, Singapore, USA",SINGDEXX,+239-4369820,80857318,Carlos Haddad,Michael Lee,+44-487124333,BNP Paribas,"58 Trade Tower, Houston, Qatar",BNPDEXX,+172-6795033,89667565,David Lee,David Fernandez,+1-286777952,Carlos Haddad,CEO,2025-01-15,Signed Electronically,David Lee,Sales Director,2025-01-20,Signed Electronically
Union Credit Suisse,"165 Finance Ave, Houston, India",UNIOGBXX,+719-2509053,46932919,Ali Haddad,Sophia Chen,+971-878894757,Citibank,"54 Trade Tower, Tokyo, India",CITISGXX,+477-9012576,79796080,Emma Chen,Omar Costa,+44-231330091,Ali Haddad,CEO,2025-08-01,Signed Electronically,Emma Chen,Export Manager,2025-08-05,Signed Electronically
EuroCommerce Bank AG,"191 Finance Ave, Istanbul, UAE",EUROGBXX,+295-4677598,63127633,Maria Diop,James Khan,+44-322913392,Singapore Intercontinental Bank,"37 Trade Tower, Mumbai, UAE",SINGUSXX,+194-9621310,57849205,George Singh,Michael Lee,+1-318746428,Maria Diop,Trade Director,2025-05-14,Signed Electronically,George Singh,Managing Director,2025-05-16,Signed Electronically
BNP Paribas,"107 Finance Ave, Rotterdam, Germany",BNPUSXX,+158-9094599,39991208,Carlos Martinez,George Costa,+44-127660858,Singapore Intercontinental Bank,"177 Trade Tower, Hong Kong, Singapore",SINGUSXX,+893-6132330,53473589,Linda Muller,Ali Smith,+65-439703271,Carlos Martinez,Procurement Manager,2025-02-18,Signed Electronically,Linda Muller,Export Manager,2025-02-23,Signed Electronically
HSBC,"194 Finance Ave, Tokyo, China",HSBCSGXX,+583-1982424,29998978,Yuki Costa,John Khan,+65-260594701,BNP Paribas,"147 Trade Tower, Dubai, Netherlands",BNPGBXX,+328-2006937,68978688,Nadia Williams,Omar Williams,+44-384406371,Yuki Costa,CEO,2025-03-05,Signed Electronically,Nadia Williams,Export Manager,2025-03-10,Signed Electronically
Deutsche Bank,"100 Finance Ave, Rotterdam, Netherlands",DEUTDEXX,+626-2162410,17259118,Carlos Fernandez,Linda Diop,+65-954963879,Deutsche Bank,"145 Trade Tower, Mumbai, India",DEUTUSXX,+380-9051189,92070740,Yuki Brown,Emma Martinez,+44-205048213,Carlos Fernandez,Managing Partner,2025-04-21,Signed Electronically,Yuki Brown,Managing Director,2025-04-26,Signed Electronically
HSBC,"23 Finance Ave, Cairo, Turkey",HSBCUSXX,+129-9645569,59092996,Michael Lee,John Muller,+65-426424998,Deutsche Bank,"79 Trade Tower, Singapore, Netherlands",DEUTSGXX,+811-8097557,78778893,Carlos Smith,Nadia Khan,+65-697223395,Michael Lee,Managing Partner,2025-09-18,Signed Electronically,Carlos Smith,Managing Director,2025-09-23,Signed Electronically
EuroCommerce Bank AG,"107 Finance Ave, New York, Switzerland",EUROGBXX,+124-9436185,20625042,Nadia Silva,James Fernandez,+1-414425612,Emirates National Bank,"125 Trade Tower, Istanbul, USA",EMIRUSXX,+781-3091358,84906937,Carlos Muller,Omar Williams,+44-961298854,Nadia Silva,Managing Partner,2025-05-31,Signed Electronically,Carlos Muller,Export Manager,2025-06-01,Signed Electronically
Standard Chartered,"132 Finance Ave, Cairo, Qatar",STANSGXX,+375-4699610,82509527,James Ivanov,George Brown,+1-668652732,BNP Paribas,"194 Trade Tower, Singapore, India",BNPDEXX,+269-9638944,88714745,Maria Garcia,Carlos Haddad,+65-932905939,James Ivanov,Procurement Manager,2024-11-17,Signed Electronically,Maria Garcia,Managing Director,2024-11-21,Signed Electronically
Singapore Intercontinental Bank,"107 Finance Ave, Hamburg, China",SINGSGXX,+720-8807752,92461694,Ali Khan,Laura Ibrahim,+1-394388423,First Global Bank & Trust,"118 Trade Tower, Geneva, Turkey",FIRSUSXX,+524-9456600,30666212,Nadia Ibrahim,Laura Haddad,+1-135165458,Ali Khan,CEO,2025-01-30,Signed Electronically,Nadia Ibrahim,Sales Director,2025-02-03,Signed Electronically
Citibank,"147 Finance Ave, London, Qatar",CITIUSXX,+395-2886157,74713581,Emma Chen,Yuki Smith,+44-590901962,Deutsche Bank,"69 Trade Tower, Dubai, UAE",DEUTUSXX,+968-9709232,13680954,Michael Johnson,Sarah Silva,+44-811032755,Emma Chen,Procurement Manager,2025-09-23,Signed Electronically,Michael Johnson,Export Manager,2025-09-27,Signed Electronically
BNP Paribas,"18 Finance Ave, Singapore, Singapore",BNPUSXX,+988-1869570,38883626,Omar Haddad,Nadia Costa,+44-704761773,HSBC,"110 Trade Tower, Hong Kong, Singapore",HSBCSGXX,+749-3555077,42314435,Ravi Haddad,Linda Petrov,+65-531330221,Omar Haddad,Procurement Manager,2024-11-03,Signed Electronically,Ravi Haddad,Export Manager,2024-11-05,Signed Electronically
Emirates National Bank,"123 Finance Ave, Hong Kong, Netherlands",EMIRDEXX,+216-3126164,95289822,Ahmed Garcia,Maria Chen,+1-160770674,Union Credit Suisse,"85 Trade Tower, London, UAE",UNIOUSXX,+288-5842799,26156613,Emma Haddad,Nadia Costa,+44-942738815,Ahmed Garcia,CEO,2025-05-13,Signed Electronically,Emma Haddad,Sales Director,2025-05-17,Signed Electronically
Emirates National Bank,"34 Finance Ave, Houston, Japan",EMIRSGXX,+948-9858877,10958749,Yuki Ivanov,Ravi Khan,+44-504504425,Singapore Intercontinental Bank,"42 Trade Tower, New York, UAE",SINGAEXX,+694-1777451,15507646,David Diop,Ali Ibrahim,+65-571794058,Yuki Ivanov,Managing Partner,2024-11-23,Signed Electronically,David Diop,Managing Director,2024-11-27,Signed Electronically
First Global Bank & Trust,"25 Finance Ave, Hong Kong, UAE",FIRSDEXX,+747-6781054,82937130,Linda Costa,Ahmed Muller,+971-864538107,EuroCommerce Bank AG,"63 Trade Tower, Hamburg, UAE",EUROGBXX,+471-8208320,73855486,Emma Garcia,James Ibrahim,+1-710844048,Linda Costa,CEO,2025-09-21,Signed Electronically,Emma Garcia,Sales Director,2025-09-24,Signed Electronically
EuroCommerce Bank AG,"27 Finance Ave, Mumbai, India",EUROSGXX,+979-8066874,18382485,Maria Muller,Sophia Singh,+1-207508704,Singapore Intercontinental Bank,"126 Trade Tower, Tokyo, Japan",SINGSGXX,+714-6846057,94297077,Ali Costa,Ali Martinez,+44-147422750,Maria Muller,Procurement Manager,2025-10-23,Signed Electronically,Ali Costa,Export Manager,2025-10-25,Signed Electronically
EuroCommerce Bank AG,"53 Finance Ave, Abu Dhabi, USA",EUROAEXX,+624-2378918,30292075,Hassan Ivanov,David Lee,+44-525888109,EuroCommerce Bank AG,"177 Trade Tower, Hong Kong, Switzerland",EUROGBXX,+740-1324171,29025617,Hassan Petrov,Fatima Fernandez,+65-465364940,Hassan Ivanov,CEO,2025-01-16,Signed Electronically,Hassan Petrov,Sales Director,2025-01-21,Signed Electronically
Union Credit Suisse,"46 Finance Ave, Doha, Singapore",UNIOSGXX,+841-1892094,22515973,David Chen,James Costa,+65-484290572,First Global Bank & Trust,"116 Trade Tower, New York, UK",FIRSDEXX,+463-6603721,39903990,George Singh,Linda Garcia,+1-946662902,David Chen,CEO,2025-02-20,Signed Electronically,George Singh,Export Manager,2025-02-23,Signed Electronically
HSBC,"106 Finance Ave, Rotterdam, Japan",HSBCSGXX,+527-9531300,85514447,George Lee,David Silva,+1-822117112,Deutsche Bank,"94 Trade Tower, Singapore, Switzerland",DEUTUSXX,+702-5064367,91260601,Ahmed Petrov,Michael Brown,+971-295579777,George Lee,Procurement Manager,2025-04-13,Signed Electronically,Ahmed Petrov,Managing Director,2025-04-18,Signed Electronically
EuroCommerce Bank AG,"170 Finance Ave, Dubai, China",EUROUSXX,+715-7325303,66142121,Maria Nakamura,Hassan Lee,+44-163258399,Emirates National Bank,"141 Trade Tower, Mumbai, UAE",EMIRGBXX,+991-4460703,15096010,Ravi Ibrahim,James Lee,+1-384985959,Maria Nakamura,CEO,2025-01-05,Signed Electronically,Ravi Ibrahim,Sales Director,2025-01-10,Signed Electronically
First Global Bank & Trust,"178 Finance Ave, Hong Kong, India",FIRSAEXX,+173-2746935,88745084,Emma Garcia,Omar Petrov,+971-858520898,Union Credit Suisse,"197 Trade Tower, London, UAE",UNIOAEXX,+937-7524593,64194385,Emma Johnson,Laura Khan,+1-910120615,Emma Garcia,Procurement Manager,2025-07-23,Signed Electronically,Emma Johnson,Managing Director,2025-07-27,Signed Electronically
HSBC,"103 Finance Ave, Hong Kong, Singapore",HSBCGBXX,+930-5465398,41221525,Hassan Nakamura,Emma Petrov,+971-695807563,Standard Chartered,"146 Trade Tower, Cairo, USA",STANUSXX,+585-9113345,26994688,Yuki Haddad,Laura Johnson,+971-464505376,Hassan Nakamura,CEO,2025-04-09,Signed Electronically,Yuki Haddad,Managing Director,2025-04-14,Signed Electronically
Citibank,"178 Finance Ave, Dubai, Switzerland",CITIGBXX,+850-5548802,91473491,Linda Singh,Carlos Muller,+65-512085527,EuroCommerce Bank AG,"70 Trade Tower, Istanbul, Germany",EUROAEXX,+845-3523471,87736608,Maria Nakamura,Maria Ibrahim,+971-958376934,Linda Singh,Managing Partner,2025-03-05,Signed Electronically,Maria Nakamura,Managing Director,2025-03-10,Signed Electronically
EuroCommerce Bank AG,"160 Finance Ave, Istanbul, Japan",EUROAEXX,+884-5550860,11189607,Ali Chen,Hassan Silva,+44-572303194,BNP Paribas,"98 Trade Tower, Mumbai, Japan",BNPUSXX,+983-2152797,18906464,Hassan Johnson,Hassan Diop,+971-249300913,Ali Chen,CEO,2025-08-07,Signed Electronically,Hassan Johnson,Managing Director,2025-08-10,Signed Electronically
Standard Chartered,"147 Finance Ave, Houston, UAE",STANAEXX,+738-2028760,32668118,John Petrov,George Silva,+1-759181203,EuroCommerce Bank AG,"29 Trade Tower, Tokyo, UK",EUROSGXX,+910-9691908,62613215,Emma Nakamura,Ahmed Chen,+65-217153664,John Petrov,Managing Partner,2025-04-04,Signed Electronically,Emma Nakamura,Sales Director,2025-04-07,Signed Electronically
First Global Bank & Trust,"97 Finance Ave, Hong Kong, Egypt",FIRSSGXX,+867-5724499,28598330,Carlos Chen,Carlos Khan,+1-777961751,BNP Paribas,"149 Trade Tower, Istanbul, India",BNPUSXX,+294-3316204,76231848,Maria Smith,Michael Petrov,+44-540580971,Carlos Chen,Procurement Manager,2025-10-10,Signed Electronically,Maria Smith,Sales Director,2025-10-12,Signed Electronically
BNP Paribas,"76 Finance Ave, Geneva, Germany",BNPGBXX,+191-8008410,39173413,Laura Garcia,George Ibrahim,+44-128897558,First Global Bank & Trust,"179 Trade Tower, Hamburg, Singapore",FIRSUSXX,+690-2679111,76937790,Sarah Martinez,Hassan Garcia,+65-121467439,Laura Garcia,Managing Partner,2025-03-17,Signed Electronically,Sarah Martinez,Managing Director,2025-03-22,Signed Electronically
EuroCommerce Bank AG,"172 Finance Ave, Rotterdam, Germany",EURODEXX,+649-8277703,11226589,John Muller,Hassan Lee,+44-560156418,HSBC,"104 Trade Tower, Mumbai, Germany",HSBCDEXX,+866-4564209,40152606,Ravi Chen,Ahmed Ibrahim,+971-836071525,John Muller,Managing Partner,2025-05-26,Signed Electronically,Ravi Chen,Export Manager,2025-05-29,Signed Electronically
Standard Chartered,"163 Finance Ave, Geneva, Netherlands",STANUSXX,+406-8793279,89837923,George Diop,Laura Costa,+65-752477988,Emirates National Bank,"147 Trade Tower, Rotterdam, UAE",EMIRUSXX,+911-1083072,58490385,Nadia Smith,Emma Petrov,+44-230953662,George Diop,Managing Partner,2025-06-06,Signed Electronically,Nadia Smith,Managing Director,2025-06-07,Signed Electronically
Citibank,"136 Finance Ave, Geneva, USA",CITIGBXX,+859-9060367,53081206,Emma Martinez,Linda Silva,+65-623604965,Deutsche Bank,"49 Trade Tower, Rotterdam, Qatar",DEUTSGXX,+146-1300295,49632820,Michael Haddad,Yuki Martinez,+971-696547478,Emma Martinez,Procurement Manager,2025-04-10,Signed Electronically,Michael Haddad,Managing Director,2025-04-14,Signed Electronically
Deutsche Bank,"146 Finance Ave, Geneva, UAE",DEUTGBXX,+677-9398342,35122855,Yuki Brown,Michael Fernandez,+65-428138970,HSBC,"16 Trade Tower, Cairo, Switzerland",HSBCAEXX,+854-9607299,72214091,Ahmed Williams,Carlos Singh,+44-518644515,Yuki Brown,Procurement Manager,2025-08-02,Signed Electronically,Ahmed Williams,Managing Director,2025-08-06,Signed Electronically
Singapore Intercontinental Bank,"135 Finance Ave, London, Egypt",SINGDEXX,+930-3349060,80337034,Sarah Lee,John Haddad,+971-992361573,Singapore Intercontinental Bank,"171 Trade Tower, London, Switzerland",SINGSGXX,+989-2262985,19401122,Sophia Johnson,Sarah Garcia,+1-326153069,Sarah Lee,CEO,2025-05-18,Signed Electronically,Sophia Johnson,Export Manager,2025-05-20,Signed Electronically
First Global Bank & Trust,"57 Finance Ave, Houston, Turkey",FIRSGBXX,+306-6063087,23895531,Hassan Diop,David Nakamura,+1-795423102,HSBC,"46 Trade Tower, Geneva, Turkey",HSBCGBXX,+428-8230924,47668282,George Williams,Michael Muller,+44-235724770,Hassan Diop,Managing Partner,2025-06-05,Signed Electronically,George Williams,Export Manager,2025-06-10,Signed Electronically
Citibank,"11 Finance Ave, Doha, Switzerland",CITIAEXX,+194-5682682,16280465,Sarah Johnson,George Garcia,+65-207999651,BNP Paribas,"118 Trade Tower, Hamburg, Turkey",BNPDEXX,+115-4539948,77958019,Fatima Martinez,David Costa,+1-296133823,Sarah Johnson,Trade Director,2025-03-08,Signed Electronically,Fatima Martinez,Export Manager,2025-03-09,Signed Electronically
Deutsche Bank,"161 Finance Ave, London, UK",DEUTGBXX,+194-6855253,51130556,Omar Ivanov,David Martinez,+65-594212109,Deutsche Bank,"169 Trade Tower, Hong Kong, Japan",DEUTSGXX,+367-3372055,95086395,Nadia Diop,Omar Martinez,+44-289772690,Omar Ivanov,CEO,2025-04-03,Signed Electronically,Nadia Diop,Managing Director,2025-04-04,Signed Electronically
Citibank,"145 Finance Ave, Rotterdam, USA",CITIDEXX,+828-9186392,91680833,Linda Brown,Emma Diop,+1-339980952,Standard Chartered,"194 Trade Tower, Dubai, Qatar",STANGBXX,+978-8858560,15894471,Carlos Fernandez,George Haddad,+44-212348189,Linda Brown,Trade Director,2025-01-01,Signed Electronically,Carlos Fernandez,Export Manager,2025-01-06,Signed Electronically
Standard Chartered,"143 Finance Ave, Mumbai, Qatar",STANGBXX,+492-4906997,26263242,Michael Johnson,Nadia Garcia,+65-948773256,Deutsche Bank,"123 Trade Tower, Dubai, Japan",DEUTSGXX,+635-9196220,87304586,Linda Silva,James Johnson,+1-213274932,Michael Johnson,Trade Director,2025-08-25,Signed Electronically,Linda Silva,Managing Director,2025-08-30,Signed Electronically
Standard Chartered,"140 Finance Ave, Singapore, Germany",STANSGXX,+167-4986163,32769389,Sarah Silva,Maria Smith,+44-705506726,Union Credit Suisse,"165 Trade Tower, Hong Kong, China",UNIOGBXX,+370-3695655,29436603,Ahmed Williams,George Muller,+971-297408915,Sarah Silva,Managing Partner,2025-06-17,Signed Electronically,Ahmed Williams,Managing Director,2025-06-19,Signed Electronically
EuroCommerce Bank AG,"98 Finance Ave, Istanbul, UAE",EUROSGXX,+677-2963569,45693206,Omar Costa,Carlos Brown,+65-134015338,First Global Bank & Trust,"57 Trade Tower, Cairo, Netherlands",FIRSAEXX,+941-6837976,70482581,John Haddad,David Johnson,+971-305373676,Omar Costa,CEO,2025-10-09,Signed Electronically,John Haddad,Sales Director,2025-10-11,Signed Electronically
Emirates National Bank,"34 Finance Ave, Geneva, UAE",EMIRSGXX,+354-3649605,46832330,Sophia Singh,Sophia Ivanov,+44-317638067,First Global Bank & Trust,"67 Trade Tower, Istanbul, Turkey",FIRSDEXX,+614-3147567,33077157,Sarah Smith,Michael Chen,+65-658080555,Sophia Singh,Managing Partner,2024-11-22,Signed Electronically,Sarah Smith,Export Manager,2024-11-27,Signed Electronically
Emirates National Bank,"24 Finance Ave, Doha, Singapore",EMIRGBXX,+610-6472824,53939802,John Williams,James Silva,+65-727008908,Citibank,"146 Trade Tower, London, UAE",CITISGXX,+894-2481362,17350943,Ahmed Haddad,Fatima Martinez,+1-140295539,John Williams,Managing Partner,2025-08-12,Signed Electronically,Ahmed Haddad,Sales Director,2025-08-13,Signed Electronically
EuroCommerce Bank AG,"198 Finance Ave, London, Egypt",EUROSGXX,+539-8176539,93844444,Linda Ibrahim,James Chen,+44-955246780,HSBC,"145 Trade Tower, Hamburg, Japan",HSBCDEXX,+296-5468473,75316114,Ali Silva,Ravi Lee,+971-792515931,Linda Ibrahim,Procurement Manager,2025-09-25,Signed Electronically,Ali Silva,Export Manager,2025-09-27,Signed Electronically
Deutsche Bank,"158 Finance Ave, Hong Kong, China",DEUTGBXX,+674-1733693,40659256,Emma Petrov,Ahmed Lee,+971-366768462,Standard Chartered,"170 Trade Tower, Cairo, Egypt",STANUSXX,+616-9149401,83141576,Ali Ibrahim,Ahmed Khan,+1-894875232,Emma Petrov,Procurement Manager,2025-02-15,Signed Electronically,Ali Ibrahim,Export Manager,2025-02-19,Signed Electronically
Deutsche Bank,"74 Finance Ave, Hong Kong, USA",DEUTAEXX,+879-1787983,48429369,Omar Johnson,Ahmed Costa,+44-181499952,Union Credit Suisse,"15 Trade Tower, Tokyo, Qatar",UNIOUSXX,+430-7446645,47060672,Ahmed Brown,Linda Nakamura,+65-878950256,Omar Johnson,CEO,2025-06-18,Signed Electronically,Ahmed Brown,Managing Director,2025-06-23,Signed Electronically
Standard Chartered,"64 Finance Ave, Hamburg, UAE",STANDEXX,+894-1668459,99366855,Hassan Ivanov,Ravi Nakamura,+971-992319983,Emirates National Bank,"172 Trade Tower, Houston, Qatar",EMIRGBXX,+880-4564911,74137354,Emma Smith,John Muller,+44-355709483,Hassan Ivanov,Procurement Manager,2024-11-27,Signed Electronically,Emma Smith,Sales Director,2024-11-28,Signed Electronically
BNP Paribas,"70 Finance Ave, Cairo, USA",BNPGBXX,+654-3765422,26398988,Sophia Ibrahim,Hassan Smith,+65-255475692,Citibank,"36 Trade Tower, Geneva, Germany",CITIGBXX,+310-9753517,55338254,Yuki Brown,James Fernandez,+1-458905670,Sophia Ibrahim,Managing Partner,2025-05-02,Signed Electronically,Yuki Brown,Sales Director,2025-05-05,Signed Electronically
First Global Bank & Trust,"68 Finance Ave, Tokyo, Turkey",FIRSDEXX,+350-8062983,82721225,John Petrov,Ravi Lee,+44-312123665,Deutsche Bank,"142 Trade Tower, London, Singapore",DEUTSGXX,+113-4813265,83740566,Ahmed Fernandez,Sophia Diop,+1-685724956,John Petrov,CEO,2025-02-16,Signed Electronically,Ahmed Fernandez,Sales Director,2025-02-19,Signed Electronically
Deutsche Bank,"143 Finance Ave, Rotterdam, Singapore",DEUTSGXX,+336-7674969,66433274,James Fernandez,Ravi Diop,+971-752161162,Citibank,"54 Trade Tower, Abu Dhabi, Switzerland",CITIDEXX,+595-1293916,44930398,Fatima Garcia,David Chen,+44-388894520,James Fernandez,Procurement Manager,2024-12-15,Signed Electronically,Fatima Garcia,Sales Director,2024-12-16,Signed Electronically
Citibank,"101 Finance Ave, Houston, UAE",CITIAEXX,+403-2341189,73766689,Ali Diop,Carlos Nakamura,+44-590605106,Citibank,"50 Trade Tower, London, Switzerland",CITIGBXX,+165-7744392,40927815,Carlos Nakamura,Michael Johnson,+65-197928400,Ali Diop,Managing Partner,2025-08-20,Signed Electronically,Carlos Nakamura,Export Manager,2025-08-23,Signed Electronically
HSBC,"178 Finance Ave, Singapore, Turkey",HSBCAEXX,+695-1062148,82887723,David Fernandez,John Johnson,+65-238142740,HSBC,"31 Trade Tower, Rotterdam, Japan",HSBCAEXX,+653-9759470,42325695,John Smith,Ravi Garcia,+44-900554778,David Fernandez,Trade Director,2025-07-26,Signed Electronically,John Smith,Managing Director,2025-07-30,Signed Electronically
Deutsche Bank,"176 Finance Ave, Abu Dhabi, Netherlands",DEUTDEXX,+632-4867565,86244104,Linda Garcia,Hassan Petrov,+44-989678689,HSBC,"141 Trade Tower, Hong Kong, Netherlands",HSBCGBXX,+269-1917762,26574766,Hassan Ivanov,Ali Martinez,+971-192830662,Linda Garcia,Procurement Manager,2025-09-04,Signed Electronically,Hassan Ivanov,Sales Director,2025-09-05,Signed Electronically
Singapore Intercontinental Bank,"100 Finance Ave, Tokyo, India",SINGGBXX,+966-4852335,18713060,Omar Costa,Emma Nakamura,+65-842212793,Union Credit Suisse,"43 Trade Tower, Rotterdam, Germany",UNIOAEXX,+831-8060066,31894132,Laura Nakamura,Yuki Brown,+44-491924262,Omar Costa,CEO,2024-11-01,Signed Electronically,Laura Nakamura,Sales Director,2024-11-05,Signed Electronically
Singapore Intercontinental Bank,"65 Finance Ave, Hong Kong, Singapore",SINGDEXX,+936-5700358,95050670,Laura Garcia,Linda Silva,+1-874334046,Emirates National Bank,"12 Trade Tower, Istanbul, Switzerland",EMIRGBXX,+789-6197636,69209293,Sarah Nakamura,Michael Chen,+44-415847705,Laura Garcia,Procurement Manager,2025-01-22,Signed Electronically,Sarah Nakamura,Export Manager,2025-01-26,Signed Electronically
EuroCommerce Bank AG,"127 Finance Ave, Hong Kong, India",EUROGBXX,+472-2044159,38583680,George Costa,Emma Williams,+971-985890717,BNP Paribas,"176 Trade Tower, Dubai, USA",BNPUSXX,+714-9741823,45391804,Yuki Nakamura,Nadia Garcia,+44-938500980,George Costa,CEO,2024-10-30,Signed Electronically,Yuki Nakamura,Managing Director,2024-11-04,Signed Electronically
Union Credit Suisse,"147 Finance Ave, Abu Dhabi, Switzerland",UNIOSGXX,+982-8709965,88958213,Michael Martinez,Maria Smith,+65-717550699,Citibank,"65 Trade Tower, Geneva, India",CITISGXX,+503-5896924,81751539,Sophia Fernandez,Hassan Khan,+971-792159847,Michael Martinez,Managing Partner,2025-09-18,Signed Electronically,Sophia Fernandez,Sales Director,2025-09-21,Signed Electronically
EuroCommerce Bank AG,"13 Finance Ave, Doha, India",EUROGBXX,+124-7086814,34335575,George Costa,Linda Chen,+65-562296334,BNP Paribas,"25 Trade Tower, Singapore, India",BNPSGXX,+405-6695131,50374788,David Martinez,John Muller,+971-194783470,George Costa,Trade Director,2025-06-24,Signed Electronically,David Martinez,Sales Director,2025-06-25,Signed Electronically
First Global Bank & Trust,"65 Finance Ave, Hamburg, UK",FIRSGBXX,+381-9627694,90144443,Michael Nakamura,Carlos Williams,+1-864006759,BNP Paribas,"159 Trade Tower, New York, USA",BNPDEXX,+399-4661752,13450722,Omar Khan,Sarah Garcia,+65-623377737,Michael Nakamura,Managing Partner,2025-10-16,Signed Electronically,Omar Khan,Managing Director,2025-10-18,Signed Electronically
Standard Chartered,"180 Finance Ave, Abu Dhabi, Switzerland",STANDEXX,+875-6469087,41102257,Linda Chen,Sophia Martinez,+1-266486015,Deutsche Bank,"47 Trade Tower, London, Egypt",DEUTUSXX,+528-9938587,34491791,Maria Garcia,Carlos Muller,+971-241058311,Linda Chen,Procurement Manager,2025-08-07,Signed Electronically,Maria Garcia,Managing Director,2025-08-12,Signed Electronically
BNP Paribas,"139 Finance Ave, New York, Turkey",BNPUSXX,+975-1860262,41124018,Sarah Haddad,John Ivanov,+971-587625030,Citibank,"161 Trade Tower, Tokyo, China",CITIDEXX,+656-2780112,44794276,Omar Fernandez,Ahmed Smith,+44-567988170,Sarah Haddad,CEO,2025-06-29,Signed Electronically,Omar Fernandez,Sales Director,2025-07-02,Signed Electronically
BNP Paribas,"117 Finance Ave, Mumbai, UK",BNPAEXX,+450-5590742,35053773,James Diop,Nadia Costa,+65-719847793,Citibank,"125 Trade Tower, Hamburg, Germany",CITIAEXX,+691-8218505,23111092,Yuki Williams,Laura Smith,+1-106574824,James Diop,Procurement Manager,2025-01-20,Signed Electronically,Yuki Williams,Sales Director,2025-01-24,Signed Electronically
Emirates National Bank,"100 Finance Ave, Istanbul, Turkey",EMIRAEXX,+692-4106268,20445384,Ahmed Smith,Yuki Martinez,+1-826957024,Standard Chartered,"122 Trade Tower, Dubai, Turkey",STANAEXX,+118-2586224,15794412,Michael Smith,Ravi Martinez,+1-598777427,Ahmed Smith,Procurement Manager,2025-04-08,Signed Electronically,Michael Smith,Sales Director,2025-04-12,Signed Electronically
Emirates National Bank,"79 Finance Ave, Hamburg, Turkey",EMIRSGXX,+152-6745433,28681220,George Williams,David Khan,+44-444386054,BNP Paribas,"32 Trade Tower, Geneva, USA",BNPDEXX,+764-6452696,56260557,David Williams,Carlos Muller,+65-853825494,George Williams,Procurement Manager,2025-06-24,Signed Electronically,David Williams,Sales Director,2025-06-25,Signed Electronically
First Global Bank & Trust,"83 Finance Ave, Istanbul, India",FIRSAEXX,+245-8090014,11601488,Fatima Muller,Nadia Silva,+44-755075388,Singapore Intercontinental Bank,"12 Trade Tower, Rotterdam, Turkey",SINGGBXX,+512-3823020,72698780,Fatima Fernandez,Yuki Muller,+1-931805203,Fatima Muller,Trade Director,2025-05-06,Signed Electronically,Fatima Fernandez,Managing Director,2025-05-07,Signed Electronically
Emirates National Bank,"15 Finance Ave, London, Germany",EMIRDEXX,+154-1191321,25056070,Sophia Silva,James Muller,+65-293931264,BNP Paribas,"120 Trade Tower, Rotterdam, Japan",BNPUSXX,+983-4217100,27933919,Sophia Petrov,Yuki Smith,+44-706708086,Sophia Silva,Procurement Manager,2025-02-11,Signed Electronically,Sophia Petrov,Export Manager,2025-02-12,Signed Electronically
HSBC,"23 Finance Ave, New York, Egypt",HSBCGBXX,+499-8073250,95157156,Sophia Ibrahim,Fatima Ibrahim,+65-443583792,HSBC,"56 Trade Tower, Doha, Netherlands",HSBCGBXX,+498-5797133,89458824,Carlos Smith,James Ivanov,+971-165928367,Sophia Ibrahim,Procurement Manager,2025-06-04,Signed Electronically,Carlos Smith,Managing Director,2025-06-06,Signed Electronically
Standard Chartered,"114 Finance Ave, Rotterdam, USA",STANGBXX,+898-8175978,43984954,Omar Ivanov,Nadia Singh,+44-636701667,Standard Chartered,"111 Trade Tower, New York, UK",STANAEXX,+521-2119119,57896511,James Chen,Sophia Ibrahim,+65-878857184,Omar Ivanov,Trade Director,2024-11-17,Signed Electronically,James Chen,Sales Director,2024-11-19,Signed Electronically
Standard Chartered,"170 Finance Ave, Doha, UK",STANSGXX,+723-6281120,92131281,Sarah Costa,Fatima Lee,+65-437161627,Union Credit Suisse,"96 Trade Tower, Geneva, Germany",UNIOAEXX,+415-3595367,72752730,Carlos Petrov,Ravi Haddad,+65-250829152,Sarah Costa,Managing Partner,2024-12-15,Signed Electronically,Carlos Petrov,Managing Director,2024-12-20,Signed Electronically
Emirates National Bank,"39 Finance Ave, Tokyo, Switzerland",EMIRGBXX,+101-1988894,71128170,Emma Diop,Ali Lee,+44-388101497,Deutsche Bank,"114 Trade Tower, Cairo, Switzerland",DEUTDEXX,+295-4182258,65903230,George Martinez,Hassan Khan,+971-606940467,Emma Diop,Managing Partner,2025-09-15,Signed Electronically,George Martinez,Managing Director,2025-09-19,Signed Electronically
Standard Chartered,"174 Finance Ave, Hong Kong, USA",STANAEXX,+526-1033056,48790567,Carlos Silva,Ravi Ibrahim,+971-612037375,EuroCommerce Bank AG,"137 Trade Tower, Tokyo, Switzerland",EUROAEXX,+563-9021122,38633550,Nadia Ivanov,Omar Chen,+1-219662383,Carlos Silva,CEO,2024-11-07,Signed Electronically,Nadia Ivanov,Sales Director,2024-11-12,Signed Electronically
Citibank,"148 Finance Ave, Abu Dhabi, Japan",CITIAEXX,+368-4160046,99591010,Laura Ibrahim,David Williams,+1-493251001,Emirates National Bank,"114 Trade Tower, London, UAE",EMIRGBXX,+621-8067730,27269938,Carlos Petrov,Maria Brown,+44-934277602,Laura Ibrahim,CEO,2025-07-17,Signed Electronically,Carlos Petrov,Sales Director,2025-07-18,Signed Electronically
Emirates National Bank,"105 Finance Ave, New York, Turkey",EMIRUSXX,+787-3104756,94473479,Hassan Brown,Michael Ivanov,+44-492223151,EuroCommerce Bank AG,"98 Trade Tower, Abu Dhabi, India",EUROSGXX,+976-4109180,65639823,Sarah Ivanov,Sophia Haddad,+44-387602374,Hassan Brown,Trade Director,2025-03-21,Signed Electronically,Sarah Ivanov,Sales Director,2025-03-24,Signed Electronically
Standard Chartered,"153 Finance Ave, Cairo, USA",STANSGXX,+248-4702613,60379396,David Smith,James Khan,+44-417745606,HSBC,"139 Trade Tower, Istanbul, UAE",HSBCDEXX,+941-1073486,88399103,Laura Ibrahim,Laura Lee,+971-980291733,David Smith,CEO,2025-01-09,Signed Electronically,Laura Ibrahim,Sales Director,2025-01-14,Signed Electronically
Singapore Intercontinental Bank,"142 Finance Ave, Geneva, Japan",SINGGBXX,+553-3539185,49897580,Ali Brown,Emma Nakamura,+1-711407909,Deutsche Bank,"21 Trade Tower, Dubai, Turkey",DEUTSGXX,+210-4394239,98474130,Ahmed Brown,Michael Diop,+65-184345453,Ali Brown,CEO,2025-07-08,Signed Electronically,Ahmed Brown,Export Manager,2025-07-09,Signed Electronically
Standard Chartered,"91 Finance Ave, Dubai, Netherlands",STANUSXX,+349-5658515,69555561,Fatima Diop,Yuki Martinez,+65-414625573,Emirates National Bank,"66 Trade Tower, Doha, Qatar",EMIRGBXX,+636-7227831,49693504,Emma Diop,Sophia Nakamura,+44-896817595,Fatima Diop,CEO,2025-07-20,Signed Electronically,Emma Diop,Export Manager,2025-07-24,Signed Electronically
Emirates National Bank,"145 Finance Ave, Houston, Qatar",EMIRDEXX,+117-5206531,30637310,James Garcia,Fatima Ibrahim,+44-755997803,First Global Bank & Trust,"65 Trade Tower, Tokyo, Egypt",FIRSSGXX,+732-1017592,33359354,Ahmed Chen,Maria Costa,+1-138603770,James Garcia,Trade Director,2025-05-13,Signed Electronically,Ahmed Chen,Managing Director,2025-05-14,Signed Electronically
HSBC,"131 Finance Ave, Houston, Germany",HSBCUSXX,+550-5290968,57715322,Fatima Diop,Sophia Singh,+971-929796035,Emirates National Bank,"38 Trade Tower, Geneva, Turkey",EMIRAEXX,+538-5427221,27741153,John Petrov,Sarah Martinez,+65-785381258,Fatima Diop,CEO,2025-04-26,Signed Electronically,John Petrov,Managing Director,2025-04-28,Signed Electronically
Emirates National Bank,"120 Finance Ave, Hong Kong, Turkey",EMIRDEXX,+543-6363448,38482591,Nadia Haddad,Sophia Muller,+971-127303926,BNP Paribas,"90 Trade Tower, New York, Japan",BNPAEXX,+408-8508236,35049634,Michael Ibrahim,Laura Fernandez,+1-497634347,Nadia Haddad,CEO,2025-08-26,Signed Electronically,Michael Ibrahim,Sales Director,2025-08-31,Signed Electronically
First Global Bank & Trust,"176 Finance Ave, Geneva, UK",FIRSSGXX,+585-9720496,45936271,Sarah Johnson,Yuki Ibrahim,+971-982768654,Deutsche Bank,"197 Trade Tower, Geneva, USA",DEUTAEXX,+499-8853980,95460711,Ahmed Ibrahim,Fatima Petrov,+1-114527040,Sarah Johnson,Trade Director,2024-11-13,Signed Electronically,Ahmed Ibrahim,Sales Director,2024-11-14,Signed Electronically
Deutsche Bank,"197 Finance Ave, Hamburg, Netherlands",DEUTGBXX,+252-7464986,47330615,Maria Lee,Ahmed Johnson,+1-185463827,BNP Paribas,"120 Trade Tower, Istanbul, China",BNPUSXX,+963-6766528,33935707,John Smith,Yuki Williams,+44-401187394,Maria Lee,Managing Partner,2025-02-18,Signed Electronically,John Smith,Sales Director,2025-02-23,Signed Electronically
Deutsche Bank,"153 Finance Ave, Abu Dhabi, UAE",DEUTSGXX,+733-2546974,72519730,Laura Nakamura,Hassan Khan,+971-278167235,Emirates National Bank,"52 Trade Tower, Hong Kong, USA",EMIRUSXX,+815-9731946,26946546,Ahmed Costa,Hassan Costa,+971-406334414,Laura Nakamura,Trade Director,2025-01-18,Signed Electronically,Ahmed Costa,Sales Director,2025-01-19,Signed Electronically
Union Credit Suisse,"58 Finance Ave, Hamburg, Switzerland",UNIOAEXX,+587-3224117,67721817,Ahmed Brown,Nadia Garcia,+65-637507759,EuroCommerce Bank AG,"189 Trade Tower, Doha, Singapore",EUROAEXX,+464-5126419,51198108,Laura Khan,Ravi Nakamura,+65-720551237,Ahmed Brown,Trade Director,2025-01-30,Signed Electronically,Laura Khan,Export Manager,2025-01-31,Signed Electronically
Citibank,"19 Finance Ave, Hamburg, UAE",CITIGBXX,+918-6512876,16957572,Sarah Martinez,Ahmed Ivanov,+44-365720401,Deutsche Bank,"22 Trade Tower, Tokyo, USA",DEUTUSXX,+512-1131320,88348021,Laura Lee,Ali Muller,+44-746816759,Sarah Martinez,Trade Director,2025-03-08,Signed Electronically,Laura Lee,Sales Director,2025-03-13,Signed Electronically
First Global Bank & Trust,"45 Finance Ave, Hamburg, Egypt",FIRSDEXX,+809-6356965,82432260,Linda Costa,George Brown,+1-485057061,Citibank,"145 Trade Tower, Rotterdam, Netherlands",CITIAEXX,+959-8391106,80370011,Linda Garcia,Sophia Nakamura,+44-952841467,Linda Costa,Managing Partner,2024-12-13,Signed Electronically,Linda Garcia,Sales Director,2024-12-16,Signed Electronically
Citibank,"155 Finance Ave, Hamburg, Singapore",CITIAEXX,+165-9495742,32463693,Fatima Muller,Sarah Martinez,+65-359987665,Citibank,"82 Trade Tower, Dubai, Netherlands",CITISGXX,+479-8462647,63599642,Sarah Lee,Yuki Garcia,+1-567473104,Fatima Muller,Managing Partner,2025-01-13,Signed Electronically,Sarah Lee,Sales Director,2025-01-18,Signed Electronically
Citibank,"188 Finance Ave, Singapore, China",CITIUSXX,+716-1632321,49601563,Ali Chen,Sophia Petrov,+1-386622364,HSBC,"17 Trade Tower, Dubai, Egypt",HSBCGBXX,+858-4605398,31961055,Omar Ibrahim,Yuki Petrov,+65-174915759,Ali Chen,CEO,2024-12-08,Signed Electronically,Omar Ibrahim,Export Manager,2024-12-10,Signed Electronically
Union Credit Suisse,"76 Finance Ave, London, USA",UNIOAEXX,+792-3256388,84667608,Yuki Khan,Laura Fernandez,+971-886375563,Standard Chartered,"154 Trade Tower, Houston, UAE",STANAEXX,+139-4162590,69029757,Omar Muller,Michael Garcia,+44-248512823,Yuki Khan,Procurement Manager,2024-11-11,Signed Electronically,Omar Muller,Export Manager,2024-11-13,Signed Electronically
Union Credit Suisse,"96 Finance Ave, Cairo, Japan",UNIOAEXX,+745-1769722,93491253,Ahmed Ivanov,Omar Johnson,+1-436356118,BNP Paribas,"87 Trade Tower, Rotterdam, Qatar",BNPSGXX,+292-7057255,23429909,Hassan Silva,Laura Williams,+44-834644721,Ahmed Ivanov,CEO,2025-03-04,Signed Electronically,Hassan Silva,Sales Director,2025-03-05,Signed Electronically
Standard Chartered,"45 Finance Ave, Singapore, Singapore",STANAEXX,+476-7371559,15086058,Hassan Brown,David Johnson,+1-616896102,EuroCommerce Bank AG,"85 Trade Tower, Houston, Switzerland",EUROAEXX,+780-8069179,96819581,Yuki Nakamura,Fatima Petrov,+44-455761076,Hassan Brown,CEO,2025-09-18,Signed Electronically,Yuki Nakamura,Sales Director,2025-09-22,Signed Electronically
EuroCommerce Bank AG,"41 Finance Ave, Rotterdam, Qatar",EUROSGXX,+485-7356635,83638818,George Petrov,Hassan Ibrahim,+44-118549340,First Global Bank & Trust,"27 Trade Tower, Houston, Turkey",FIRSAEXX,+499-3861136,40183493,Carlos Nakamura,Michael Nakamura,+65-513667062,George Petrov,Procurement Manager,2025-09-03,Signed Electronically,Carlos Nakamura,Export Manager,2025-09-04,Signed Electronically
Union Credit Suisse,"105 Finance Ave, Doha, Singapore",UNIOSGXX,+422-7867588,90591936,Maria Lee,John Haddad,+44-308198448,Singapore Intercontinental Bank,"163 Trade Tower, Abu Dhabi, Switzerland",SINGAEXX,+747-4624629,32235058,Sophia Costa,Ali Ivanov,+44-408414357,Maria Lee,CEO,2024-12-25,Signed Electronically,Sophia Costa,Managing Director,2024-12-29,Signed Electronically
Singapore Intercontinental Bank,"111 Finance Ave, London, Switzerland",SINGUSXX,+218-8519183,44031012,Hassan Muller,George Ibrahim,+1-474774472,EuroCommerce Bank AG,"160 Trade Tower, Dubai, Egypt",EURODEXX,+543-2625737,24483514,Michael Lee,Fatima Ivanov,+44-363301022,Hassan Muller,CEO,2025-04-07,Signed Electronically,Michael Lee,Export Manager,2025-04-12,Signed Electronically
HSBC,"59 Finance Ave, Hamburg, Egypt",HSBCGBXX,+954-3120471,99959105,Yuki Diop,Nadia Williams,+44-107782619,BNP Paribas,"71 Trade Tower, Cairo, Switzerland",BNPDEXX,+150-3871474,78981794,Carlos Brown,Ali Brown,+44-936647935,Yuki Diop,Trade Director,2025-02-21,Signed Electronically,Carlos Brown,Sales Director,2025-02-24,Signed Electronically
Singapore Intercontinental Bank,"124 Finance Ave, Cairo, UK",SINGGBXX,+134-8291195,73322411,Nadia Singh,Yuki Nakamura,+65-228232430,Emirates National Bank,"103 Trade Tower, Mumbai, UAE",EMIRDEXX,+149-3234603,83039643,Maria Brown,Emma Ibrahim,+1-919924653,Nadia Singh,Procurement Manager,2025-01-15,Signed Electronically,Maria Brown,Sales Director,2025-01-18,Signed Electronically
First Global Bank & Trust,"127 Finance Ave, Istanbul, USA",FIRSDEXX,+237-7181974,93922321,Nadia Petrov,John Fernandez,+971-648830861,Emirates National Bank,"40 Trade Tower, Mumbai, UAE",EMIRAEXX,+889-7660787,63231614,Michael Costa,Nadia Chen,+65-143599455,Nadia Petrov,Trade Director,2024-11-03,Signed Electronically,Michael Costa,Export Manager,2024-11-06,Signed Electronically
Singapore Intercontinental Bank,"175 Finance Ave, Hamburg, UAE",SINGSGXX,+570-1556050,87398317,Sophia Diop,Yuki Petrov,+971-885944658,BNP Paribas,"83 Trade Tower, Singapore, Egypt",BNPSGXX,+186-3422185,22750881,David Singh,Carlos Muller,+65-897533567,Sophia Diop,Managing Partner,2025-08-05,Signed Electronically,David Singh,Sales Director,2025-08-10,Signed Electronically
